predicted_n,n_se,n_weights,plant_id,id_number,species,season,n_eggs,larvae,occupied,gps,bare_ground,veg,litter,sward_height,plant_area,bare,plant_size_1,plant_size_2,leaf1_length,leaf2_length,leaf3_length,leaf1_width,leaf2_width,leaf3_width,leaf1_area,leaf2_area,leaf3_area,total_leaf_area,leaves_sampled,average_leaf_size,temperature_soil,temperature_ambient,environment_date,temperature_date,date_mean_soil,date_sd_soil,temperature_soil_scaled,scaled_leaf_size,scaled_n_content
2265.439287073313,182.20114043114313,0.5746024566803568,e103,103,ra,autumn,1,0,1,SP5653105539,40,76,0,0,5.25,Yes,3.5,1.5,68,79,59,33,29,29,2244,2291,1711,6246,3,2082,20,18,20/09/2023,21/09/2023,18.583333333333332,2.0652243256245835,0.6859626090440452,3.0421616753054703,2.6264969189861147
1992.0358859282321,125.15086951834743,0.8365361208005769,e104,104,ra,autumn,3,0,1,SP5653105539,24,76,0,0,504,Yes,18,28,63,44,37,33,16,20,2079,704,740,3523,3,1174.3333333333333,19,18,20/09/2023,21/09/2023,18.583333333333332,2.0652243256245835,0.2017537085423666,1.0900437583519216,1.5598217622839845
1504.2669512986686,123.7466707722394,0.8460286022109598,e105,105,ra,autumn,1,0,1,SP5653105541,40,72,0,0,49,Yes,7,7,22,18,NA,13,11,NA,286,198,NA,484,2,242,21,18,20/09/2023,21/09/2023,18.583333333333332,2.0652243256245835,1.1701715095457237,-0.915124737,-0.343194084
2388.4977052681434,114.04332604799822,0.9180127108677499,e106,106,ra,autumn,6,0,1,SP5653105541,24,76,0,0,364.5,Yes,27,13.5,63,45,82,32,23,43,2016,1035,3526,6577,3,2192.3333333333335,21,18,20/09/2023,21/09/2023,18.583333333333332,2.0652243256245835,1.1701715095457237,3.27945548,3.1066056409761247
2470.9997203715866,122.7858647,0.8526488217625108,e111,111,ra,autumn,1,1,1,SP5654505534,28,80,0,0,450,Yes,25,18,71,68,52,47,33,28,3337,2244,1456,7037,3,2345.6666666666665,21,18,20/09/2023,21/09/2023,18.583333333333332,2.0652243256245835,1.1701715095457237,3.609229347839534,3.4284847745938087
2002.877106400231,86.39136278456928,1.2118482626876355,e114,114,ra,autumn,3,2,1,SP5654005538,28,76,0,0,156,Yes,13,12,41,44,44,30,39,27,1230,1716,1188,4134,3,1378,20,18,20/09/2023,21/09/2023,18.583333333333332,2.0652243256245835,0.6859626090440452,1.5280694826481458,1.602118458292076
1598.0510382807734,109.08345872081438,0.9597534230157377,e115,115,ra,autumn,1,0,1,SP5653705543,24,76,0,0,60,Yes,10,6,30,29,21,17,17,18,510,493,378,1381,3,460.3333333333333,20,15,20/09/2023,22/09/2023,18.74,2.1552972236907326,0.5846061444102715,-0.445555426,0.022701714243283443
1955.3472620139116,92.09321794450061,1.1368179464071961,e116,116,ra,autumn,1,0,1,SP5653905543,20,92,0,14,110,Yes,11,10,42,53,47,20,34,26,840,1802,1222,3864,3,1288,19,14,20/09/2023,22/09/2023,18.74,2.1552972236907326,0.1206330139259296,1.3345065602913855,1.4166821981853415
1751.4273821930865,90.80645329907219,1.1529271224467834,e118,118,ra,autumn,2,1,1,SP5654205537,20,16,0,0,99,Yes,11,9,33,40,43,18,22,22,594,880,946,2420,3,806.6666666666666,20,15,20/09/2023,22/09/2023,18.74,2.1552972236907326,0.5846061444102715,0.2993033755389344,0.6210949126887225
2475.0800203637427,144.94221975150566,0.7223100562499145,e119,119,ra,autumn,1,0,1,SP5654305537,32,76,0,0,672,Yes,28,24,87,52,51,43,27,31,3741,1404,1581,6726,3,2242,18,16,20/09/2023,22/09/2023,18.74,2.1552972236907326,-0.343340117,3.386273537273044,3.4444039424435724
1830.6241680441083,81.75206601685396,1.280618680390463,e120,120,ra,autumn,1,0,1,SP5654405536,20,80,0,0,156,Yes,13,12,44,40,29,30,25,20,1320,1000,580,2900,3,966.6666666666666,19,16,20/09/2023,22/09/2023,18.74,2.1552972236907326,0.1206330139259296,0.6434152375065081,0.9300787936650825
1630.702600638266,104.16163932525137,1.0051034486389585,c103,103,ra,autumn,0,0,0,SP5652905540,0,100,0,15,88,No,22,4,26,29,32,17,18,19,442,522,608,1572,3,524,17,18,20/09/2023,21/09/2023,18.583333333333332,2.0652243256245835,-0.766664092,-0.308627581,0.15009080394874053
1743.8777685607251,99.95199987075026,1.047434999170384,c104,104,ra,autumn,0,0,0,SP5653005539,0,100,0,8,35,No,7,5,29,40,44,16,28,20,464,1120,880,2464,3,821.3333333333334,18,18,20/09/2023,21/09/2023,18.583333333333332,2.0652243256245835,-0.282455192,0.3308469628859621,0.5916403218876876
1977.544155,74.27017751856164,1.4096266684636984,c105,105,ra,autumn,0,0,0,SP5653105539,0,100,0,22.5,264,No,22,12,41,47,49,28,28,27,1148,1316,1323,3787,3,1262.3333333333333,15,18,20/09/2023,21/09/2023,18.583333333333332,2.0652243256245835,-1.735081893,1.2793052824340871,1.5032827086910174
1585.8383475951625,111.10537825887157,0.9422876240767216,c106,106,ra,autumn,0,0,0,SP5653105539,0,100,0,18.5,91,No,13,7,34,12,22,22,14,15,748,168,330,1246,3,415.3333333333333,18,18,20/09/2023,21/09/2023,18.583333333333332,2.0652243256245835,-0.282455192,-0.542336887,-0.024945732
1771.0896618274596,88.56807271,1.182065045605704,c111,111,ra,autumn,0,0,0,SP5654805534,0,100,0,22,110,No,11,10,38,60,25,18,26,12,684,1560,300,2544,3,848,17,18,20/09/2023,21/09/2023,18.583333333333332,2.0652243256245835,-0.766664092,0.38819893988055765,0.6978067060397739
1786.9841496684453,86.1330647,1.2154823848720155,c114,114,ra,autumn,0,0,0,SP5654105538,0,100,0,20,198,No,9,22,52,62,39,20,17,11,1040,1054,429,2523,3,841,16,18,20/09/2023,21/09/2023,18.583333333333332,2.0652243256245835,-1.250872993,0.3731440459194763,0.7598185728910087
2336.1175762421494,102.98519951224098,1.0165851345391967,c115,115,ra,autumn,0,0,0,SP5653605542,0,100,0,22,380,No,20,19,57,63,61,29,36,37,1653,2268,2257,6178,3,2059.3333333333335,17,14,20/09/2023,22/09/2023,18.74,2.1552972236907326,-0.807313247,2.9934124948600642,2.9022461410471854
1543.7631668104773,117.43803890014371,0.8914762531986509,c116,116,ra,autumn,0,0,0,SP5653905542,0,100,0,19,32,No,8,4,21,21,24,15,16,16,315,336,384,1035,3,345,17,15,20/09/2023,22/09/2023,18.74,2.1552972236907326,-0.807313247,-0.693602726,-0.189100786
1615.248889604101,109.22548201400824,0.958505478,c118,118,ra,autumn,0,0,0,SP5654305537,0,100,0,21,143,No,11,13,33,21,21,22,18,13,726,378,273,1377,3,459,16,14,20/09/2023,22/09/2023,18.74,2.1552972236907326,-1.271286378,-0.448423025,0.089798615
1688.2487142979362,117.38987336427076,0.8918420294809037,c119,119,ra,autumn,0,0,0,SP5654305536,0,100,0,19,280,No,20,14,31,21,32,22,16,21,682,336,672,1690,3,563.3333333333334,17,16,20/09/2023,22/09/2023,18.74,2.1552972236907326,-0.807313247,-0.224033415,0.3746052377430538
2156.5946846684105,93.32997335271226,1.1217534854107514,c120,120,ra,autumn,0,0,0,SP5654505535,0,100,0,18.5,224,No,14,16,68,69,63,26,25,26,1768,1725,1638,5131,3,1710.3333333333333,17,15,20/09/2023,22/09/2023,18.74,2.1552972236907326,-0.807313247,2.2428184959432937,2.2018429723264634
1776.5667425955662,103.6766194700985,1.0098055225642482,e124,124,ra,autumn,1,0,1,SP5655105532,24,84,0,0,17.5,Yes,5,3.5,35,60,34,17,27,15,595,1620,510,2725,3,908.3333333333334,23,15,21/09/2023,22/09/2023,18.74,2.1552972236907326,1.976525535863297,0.5179577878308304,0.7191753721284965
1944.8294226246303,86.6611944,1.2080750055249287,e125,125,ra,autumn,6,0,1,SP5655105532,24,84,0,0,130,Yes,13,10,51,42,40,36,21,26,1836,882,1040,3758,3,1252.6666666666667,22,15,21/09/2023,22/09/2023,18.74,2.1552972236907326,1.5125524053789552,1.2585151907735466,1.3756471637573093
1456.860662427393,131.45951108455574,0.796391391,e126,126,ra,autumn,1,0,1,SP5654505538,20,44,0,0,22.5,Yes,7.5,3,15,14,12,11,11,9,165,154,108,427,3,142.33333333333334,22,15,21/09/2023,22/09/2023,18.74,2.1552972236907326,1.5125524053789552,-1.129477751,-0.528148296
2247.9475241564546,91.42460406187614,1.145131816276078,e127,127,ra,autumn,2,2,1,SP5654805536,40,72,0,0,345,Yes,23,15,80,55,35,42,28,20,3360,1540,700,5600,3,1866.6666666666667,19,15,21/09/2023,22/09/2023,18.74,2.1552972236907326,0.1206330139259296,2.579044461074111,2.5582533314074962
1461.8313107868782,130.5093521290542,0.8021894308246325,e129,129,ra,autumn,1,1,1,SP5655405535,16,88,0,0,10.5,Yes,3,3.5,13,14,17,11,12,10,143,168,170,481,3,160.33333333333334,21,15,21/09/2023,22/09/2023,18.74,2.1552972236907326,1.0485792748946132,-1.090765167,-0.508755461
1462.3752294726899,130.42652931816184,0.8026988331975727,e130,130,ra,autumn,1,0,1,SP5655405535,16,92,0,0,15,Yes,5,3,15,16,11,11,12,11,165,192,121,478,3,159.33333333333334,20,15,21/09/2023,22/09/2023,18.74,2.1552972236907326,0.5846061444102715,-1.092915866,-0.506633378
2233.3709120760427,88.75846059,1.179529502949673,e131,131,ra,autumn,1,1,1,SP5654305543,32,72,0,0,378,Yes,27,14,43,92,65,20,35,21,860,3220,1365,5445,3,1815,22,15,21/09/2023,22/09/2023,18.74,2.1552972236907326,1.5125524053789552,2.4679250056470816,2.501383117247985
1873.088609312837,98.96620772873555,1.0578683906799744,e133,133,ra,autumn,1,0,1,SP5655305546,24,84,0,0,55,Yes,10,5.5,48,60,49,19,22,23,912,1320,1127,3359,3,1119.6666666666667,21,15,21/09/2023,22/09/2023,18.74,2.1552972236907326,1.0485792748946132,0.9724722055130007,1.0957525356700457
2001.5112045114795,75.82265331514714,1.380764432847708,e134,134,ra,autumn,4,0,1,SP5655305550,36,80,0,0,224,Yes,16,14,42,51,66,21,24,29,882,1224,1914,4020,3,1340,22,15,21/09/2023,22/09/2023,18.74,2.1552972236907326,1.5125524053789552,1.446342915430847,1.5967894331039414
1737.4289086806016,90.60520499,1.1554879535792488,e135,135,ra,autumn,1,1,1,SP5656305544,0,100,0,17,121,No,11,11,44,31,40,23,14,21,1012,434,840,2286,3,762,17,14,21/09/2023,22/09/2023,18.74,2.1552972236907326,-0.807313247,0.20323881407298677,0.5664802887850611
1897.1840768111913,85.84997144040778,1.2194904802544946,e136,136,ra,autumn,1,0,1,SP5656005545,44,64,0,0,120,Yes,15,8,64,48,54,21,21,20,1344,1008,1080,3432,3,1144,19,15,21/09/2023,22/09/2023,18.74,2.1552972236907326,0.1206330139259296,1.0248058845205692,1.1897602783022576
2101.050029146017,77.78546516736608,1.3459226948946788,e137,137,ra,autumn,4,4,1,SP5655105552,40,68,0,0,288,Yes,18,16,55,45,50,34,27,31,1870,1215,1550,4635,3,1545,21,15,21/09/2023,22/09/2023,18.74,2.1552972236907326,1.0485792748946132,1.887236238576801,1.9851371673321978
2060.216155669909,85.01263385,1.2315019328386179,e138,138,ra,autumn,1,0,1,SP5656205547,24,76,0,0,195,Yes,15,13,53,59,52,25,28,29,1325,1652,1508,4485,3,1495,20,15,21/09/2023,22/09/2023,18.74,2.1552972236907326,0.5846061444102715,1.779701281711934,1.8258250365889173
1947.550055118818,94.04766861867547,1.1131931757520261,c131,131,ra,autumn,0,0,0,SP5654705542,20,88,0,15,99,Yes,11,9,45,45,75,23,22,24,1035,990,1800,3825,3,1275,16,15,21/09/2023,22/09/2023,18.74,2.1552972236907326,-1.271286378,1.3065474715065202,1.3862616297073014
1706.5449428438744,94.66822317994688,1.1058961432358878,c133,133,ra,autumn,0,0,0,SP5655105545,28,84,0,0,98,Yes,14,7,40,30,NA,26,12,NA,1040,360,NA,1400,2,700,20,16,21/09/2023,22/09/2023,18.74,2.1552972236907326,0.5846061444102715,0.069895468,0.44598742380788786
1599.7806662917044,108.6660632930913,0.9634399160970953,c134,134,ra,autumn,0,0,0,SP5655105549,0,100,0,16,72,No,8,9,24,31,22,19,19,15,456,589,330,1375,3,458.3333333333333,18,14,21/09/2023,22/09/2023,18.74,2.1552972236907326,-0.343340117,-0.449856824,0.029449806
2006.6622692341218,130.94722378861294,0.7995070065074686,c135,135,ra,autumn,0,0,0,SP5656205544,0,100,0,23,528,No,33,16,39,46,51,21,27,30,819,1242,1530,3591,3,1197,16,14,21/09/2023,22/09/2023,18.74,2.1552972236907326,-1.271286378,1.138792938797328,1.6168861573846014
1761.5034803102583,88.50717412,1.1828783818450512,c136,136,ra,autumn,0,0,0,SP5655905549,0,100,0,12,120,No,10,12,32,39,NA,22,24,NA,704,936,NA,1640,2,820,16,14,21/09/2023,22/09/2023,18.74,2.1552972236907326,-1.271286378,0.32797936403623223,0.660406507
1584.9023842628776,111.04570063557395,0.9427940235640119,c137,137,ra,autumn,0,0,0,SP5655005550,0,100,0,14,54,No,6,9,24,24,24,20,17,17,480,408,408,1296,3,432,18,14,21/09/2023,22/09/2023,18.74,2.1552972236907326,-0.343340117,-0.506491901,-0.028597364
2051.0262496595446,92.73007225,1.1290104748751841,c138,138,ra,autumn,0,0,0,SP5656405550,0,100,0,15,154,No,14,11,54,66,33,28,35,20,1512,2310,660,4482,3,1494,18,15,21/09/2023,22/09/2023,18.74,2.1552972236907326,-0.343340117,1.7775505825746367,1.7899708943484507
1558.560965243108,114.94128409028733,0.9108409022076014,c139,139,ra,autumn,0,0,0,SP5656205550,0,100,0,0,63,No,9,7,24,23,NA,16,15,NA,384,345,NA,729,2,364.5,20,14,21/09/2023,22/09/2023,18.74,2.1552972236907326,0.5846061444102715,-0.651664093,-0.131367619
2020.9477512171068,85.40838254919707,1.2257956394548506,c140,140,ra,autumn,0,0,0,SP5656205544,0,100,0,19,170,No,17,10,42,70,56,19,30,24,798,2100,1344,4242,3,1414,17,15,21/09/2023,22/09/2023,18.74,2.1552972236907326,-0.807313247,1.605494652,1.6726205362143656
2163.5486048590637,96.61705558461546,1.0835894580746057,c141,141,ra,autumn,0,0,0,SP5656105544,0,100,0,15,464,No,29,16,65,61,43,32,30,21,2080,1830,903,4813,3,1604.3333333333333,16,16,21/09/2023,22/09/2023,18.74,2.1552972236907326,-1.271286378,2.014844387389776,2.2289734830589283
1946.7654835932262,87.66108158330907,1.1942953590208887,c142,142,ra,autumn,0,0,0,SP5656205544,0,100,0,18,126,No,14,9,57,47,28,35,29,15,1995,1363,420,3778,3,1259.3333333333333,17,15,21/09/2023,22/09/2023,18.74,2.1552972236907326,-0.807313247,1.2728531850221951,1.3832006474682383
1635.1817365001643,104.36590172949725,1.0031362846176393,c143,143,ra,autumn,0,0,0,SP5656505546,0,100,0,18,60,No,10,6,35,21,34,22,11,19,770,231,646,1647,3,549,16,14,21/09/2023,22/09/2023,18.74,2.1552972236907326,-1.271286378,-0.254860102,0.1675660179635262
1845.8261295550194,108.14943093953693,0.9680422910429213,c144,144,ra,autumn,0,0,0,SP5656505546,0,100,0,25,368,No,23,16,45,40,34,26,20,21,1170,800,714,2684,3,894.6666666666666,16,14,21/09/2023,22/09/2023,18.74,2.1552972236907326,-1.271286378,0.48856489962109995,0.9893887898425848
1629.4180548943605,127.14873654074779,0.823391767,c145,145,ra,autumn,0,0,0,SP5656405546,0,100,0,12.5,266,No,19,14,32,34,NA,12,14,NA,384,476,NA,860,2,430,17,15,21/09/2023,22/09/2023,18.74,2.1552972236907326,-0.807313247,-0.5107933,0.1450791873158357
2319.7140210297953,100.14837424249927,1.045381153,e139,139,ra,autumn,1,0,1,SP5656205548,24,80,0,6,441,Yes,21,21,48,77,52,25,43,28,1200,3311,1456,5967,3,1989,21,15,21/09/2023,22/09/2023,18.74,2.1552972236907326,1.0485792748946132,2.8421466555368182,2.8382481631386187
2075.5720693504186,76.69863359090355,1.3649946289801196,e140,140,ra,autumn,4,0,1,SP5656305548,28,76,0,0,272,Yes,17,16,59,74,33,24,32,21,1416,2368,693,4477,3,1492.3333333333333,21,14,21/09/2023,22/09/2023,18.74,2.1552972236907326,1.0485792748946132,1.7739660840124742,1.8857356725314827
1742.3670076554295,98.31098095544891,1.064918912253971,e141,141,ra,autumn,6,0,1,SP5656305548,40,68,0,0,240,Yes,16,15,53,36,23,27,12,12,1431,432,276,2139,3,713,21,14,21/09/2023,22/09/2023,18.74,2.1552972236907326,1.0485792748946132,0.097854556,0.5857461335979793
1465.917919769659,130.3720641818238,0.8030341742206889,e142,142,ra,autumn,3,0,1,SP5656305548,40,68,0,0,42,Yes,7,6,18,12,15,13,9,8,234,108,120,462,3,154,20,14,21/09/2023,22/09/2023,18.74,2.1552972236907326,0.5846061444102715,-1.104386261,-0.492811678
1474.0777391219601,129.4772410864582,0.8085839798809801,e143,143,ra,autumn,1,0,1,SP5656505545,24,88,0,0,56,Yes,7,8,13,11,19,12,7,14,156,77,266,499,3,166.33333333333334,21,14,21/09/2023,22/09/2023,18.74,2.1552972236907326,1.0485792748946132,-1.077860972,-0.460976388
1808.013927089186,85.14394888863953,1.2296026231837878,e144,144,ra,autumn,2,0,1,SP5656505546,20,80,0,0,126,Yes,14,9,56,40,24,24,27,15,1344,1080,360,2784,3,928,20,14,21/09/2023,22/09/2023,18.74,2.1552972236907326,0.5846061444102715,0.5602548708643446,0.8418656177768035
1797.6490754042147,84.61820166193891,1.2372423526555318,e145,145,ra,autumn,0,1,1,SP5656405547,40,68,0,0,195,Yes,13,15,52,24,48,21,17,23,1092,408,1104,2604,3,868,22,14,21/09/2023,22/09/2023,18.74,2.1552972236907326,1.5125524053789552,0.4312129226265044,0.8014274602814833
1749.1986525124917,125.62291786594366,0.8333927015882492,c124,124,ra,autumn,0,0,0,SP5655305534,0,100,0,16,361,No,19,19,40,25,NA,24,15,NA,960,375,NA,1335,2,667.5,19,14,21/09/2023,22/09/2023,18.74,2.1552972236907326,0.1206330139259296,-2.25E-06,0.612399591
1794.793159279182,94.84926486902047,1.1037852854871444,c125,125,ra,autumn,0,0,0,SP5655305534,0,100,0,18,273,No,13,21,57,34,32,24,20,13,1368,680,416,2464,3,821.3333333333334,17,14,21/09/2023,22/09/2023,18.74,2.1552972236907326,-0.807313247,0.3308469628859621,0.7902851893095837
2426.645499165141,181.79000015832983,0.5759019902663242,c126,126,ra,autumn,0,0,0,SP5654505538,0,100,0,18.5,120,No,20,6,83,80,64,35,34,25,2905,2720,1600,7225,3,2408.3333333333335,16,15,21/09/2023,22/09/2023,18.74,2.1552972236907326,-1.271286378,3.7440064937768347,3.2554381129296375
1910.4402527681245,79.27901928521597,1.3205665741783568,c127,127,ra,autumn,0,0,0,SP5654805537,8,92,0,15,165,Yes,11,15,49,44,43,27,28,21,1323,1232,903,3458,3,1152.6666666666667,16,15,21/09/2023,22/09/2023,18.74,2.1552972236907326,-1.271286378,1.043445277043813,1.2414788505910836
1980.5343901114495,79.41494674776543,1.3183062784669484,c129,129,ra,autumn,0,0,0,SP5655305535,0,100,0,14,323,No,19,17,59,52,53,23,24,21,1357,1248,1113,3718,3,1239.3333333333333,17,15,21/09/2023,22/09/2023,18.74,2.1552972236907326,-0.807313247,1.2298392022762483,1.5149490218524735
2300.6930498020865,109.12378442929827,0.9593987548106773,c130,130,ra,autumn,0,0,0,SP5655205536,0,100,0,28,525,No,21,25,55,63,65,21,34,37,1155,2142,2405,5702,3,1900.6666666666667,16,15,21/09/2023,22/09/2023,18.74,2.1552972236907326,-1.271286378,2.652168232,2.7640384152716693
2365.395394983148,123.23101487006039,0.8495687795161807,e147,147,ra,autumn,5,1,1,SP5647005451,42,44,0,0,280,Yes,35,8,70,70,71,29,33,31,2030,2310,2201,6541,3,2180.3333333333335,18,18,21/09/2023,27/09/2023,17.791666666666668,0.5882299658752715,0.3541698747416537,3.253647090473042,3.0164726713780174
1559.2024774661731,114.88237809169549,0.9113079363497741,e148,148,ra,autumn,1,0,1,SP5647005451,44,56,0,0,46.75,Yes,5.5,8.5,26,25,22,15,17,14,390,425,308,1123,3,374.3333333333333,19,18,21/09/2023,27/09/2023,17.791666666666668,0.5882299658752715,2.0541852735016013,-0.630515551,-0.128864779
1689.0914441698906,105.4472159012296,0.9928495693974669,e149,149,ra,autumn,1,0,1,SP5644705399,0,100,16,6.5,12.5,No,5,2.5,46,26,19,29,18,16,1334,468,304,2106,3,702,18,18,21/09/2023,27/09/2023,17.791666666666668,0.5882299658752715,0.3541698747416537,0.074196866,0.37789312302341094
1802.7063498340399,83.62487346632795,1.2519387900043026,e150,150,ra,autumn,1,0,1,SP5644705399,0,100,20,4,156,No,12,13,42,46,35,23,24,18,966,1104,630,2700,3,900,18,18,21/09/2023,27/09/2023,17.791666666666668,0.5882299658752715,0.3541698747416537,0.5000352950200191,0.821158265
1768.5270458467535,89.77267647671829,1.1662036491565309,e151,151,ra,autumn,1,1,1,SP5644705398,0,100,0,12,99,No,11,9,35,37,NA,22,25,NA,770,925,NA,1695,2,847.5,18,18,21/09/2023,27/09/2023,17.791666666666668,0.5882299658752715,0.3541698747416537,0.38712359,0.6878087367704135
1986.6614648064717,141.74740959414697,0.7385900257469009,e152,152,ra,autumn,1,1,1,SP5644705398,0,100,12,13,550,No,22,25,54,57,39,22,24,22,1188,1368,858,3414,3,1138,18,18,21/09/2023,27/09/2023,17.791666666666668,0.5882299658752715,0.3541698747416537,1.0119016896967852,1.5388536197216507
1766.0253723748406,98.78985509700155,1.0597568221848233,e153,153,ra,autumn,1,0,1,SP5644905394,0,100,0,8,40,No,8,5,39,40,30,25,23,24,975,920,720,2615,3,871.6666666666666,18,18,21/09/2023,27/09/2023,17.791666666666668,0.5882299658752715,0.3541698747416537,0.4390988194632612,0.6780485328684356
1813.9152688554623,94.47793617,1.1081235169805383,e154,154,ra,autumn,1,0,1,SP5645305399,0,100,0,13,288,No,18,16,30,42,34,24,24,25,720,1008,850,2578,3,859.3333333333334,18,18,21/09/2023,27/09/2023,17.791666666666668,0.5882299658752715,0.3541698747416537,0.41257353010326087,0.8648895254053531
1586.5676368534605,121.24729005364892,0.8634685596302678,e155,155,ra,autumn,8,0,1,SP5643105394,0,100,20,7.5,190,No,19,10,30,23,NA,16,11,NA,480,253,NA,733,2,366.5,18,18,21/09/2023,27/09/2023,17.791666666666668,0.5882299658752715,0.3541698747416537,-0.647362695,-0.022100431
1637.050953602146,103.62055532406808,1.0103518802256437,e157,157,ra,autumn,3,0,1,SP5644105384,0,100,32,5,72,No,12,6,30,28,37,17,14,20,510,392,740,1642,3,547.3333333333334,19,18,21/09/2023,27/09/2023,17.791666666666668,0.5882299658752715,2.0541852735016013,-0.258444601,0.17485871233680675
1612.525547547325,107.51147171428835,0.9737865293102832,e158,158,ra,autumn,1,0,1,SP5644105384,0,100,16,11,112,No,14,8,25,30,35,15,18,14,375,540,490,1405,3,468.3333333333333,18,18,21/09/2023,27/09/2023,17.791666666666668,0.5882299658752715,0.3541698747416537,-0.428349833,0.079173577
1573.5438185320613,113.83916801414611,0.9196590657504448,e159,159,ra,autumn,1,0,1,SP5644105385,0,100,16,9,104,No,13,8,22,29,22,14,18,14,308,522,308,1138,3,379.3333333333333,18,18,21/09/2023,27/09/2023,17.791666666666668,0.5882299658752715,0.3541698747416537,-0.619762056,-0.072912467
1984.5213820434333,95.22586680627569,1.099420004384753,c147,147,ra,autumn,0,0,0,SP5647005449,0,100,0,23,110,No,10,11,52,62,39,25,29,25,1300,1798,975,4073,3,1357.6666666666667,17,18,21/09/2023,27/09/2023,17.791666666666668,0.5882299658752715,-1.345845524,1.4843386001897667,1.530504151
2584.894843282967,141.09809867820636,0.7419888990883203,c148,148,ra,autumn,0,0,0,SP5647005447,0,100,0,24,540,No,20,27,80,82,55,42,35,27,3360,2870,1485,7715,3,2571.6666666666665,17,18,21/09/2023,27/09/2023,17.791666666666668,0.5882299658752715,-1.345845524,4.095287352868732,3.872843175295039
1668.877266361624,99.97103719591476,1.0472355377940976,c149,149,ra,autumn,0,0,0,SP5644705400,0,100,0,17,72,No,12,6,24,43,40,19,18,16,456,774,640,1870,3,623.3333333333334,18,18,21/09/2023,27/09/2023,17.791666666666668,0.5882299658752715,0.3541698747416537,-0.094991466,0.2990281155255864
1651.4586190020832,102.58912913221451,1.0205099096491141,c150,150,ra,autumn,0,0,0,SP5644805399,0,100,16,9,140,No,20,7,32,29,33,19,14,19,608,406,627,1641,3,547,18,18,21/09/2023,27/09/2023,17.791666666666668,0.5882299658752715,0.3541698747416537,-0.2591615,0.23106978609749784
1817.3909660861339,93.21696488647869,1.1231134056895633,c151,151,ra,autumn,0,0,0,SP5644705399,0,100,8,8,70,No,10,7,36,47,41,19,27,24,684,1269,984,2937,3,979,18,18,21/09/2023,27/09/2023,17.791666666666668,0.5882299658752715,0.3541698747416537,0.6699405268665087,0.8784498537430698
1850.6961217985777,80.23196228667712,1.3048817443554201,c152,152,ra,autumn,0,0,0,SP5644605400,0,100,0,11,165,No,15,11,45,40,45,23,24,23,1035,960,1035,3030,3,1010,18,18,21/09/2023,27/09/2023,17.791666666666668,0.5882299658752715,0.3541698747416537,0.7366122001227261,1.0083889182893377
1570.3942119466963,113.11224634715015,0.9255693020222231,c153,153,ra,autumn,0,0,0,SP5644805395,0,100,0,15,56,No,14,4,26,30,21,14,17,15,364,510,315,1189,3,396.3333333333333,17,18,21/09/2023,27/09/2023,17.791666666666668,0.5882299658752715,-1.345845524,-0.58320017,-0.085200563
1625.4495823014468,106.34919295920092,0.9844289363047759,c154,154,ra,autumn,0,0,0,SP5645505399,0,100,0,21,130,No,13,10,33,30,30,20,14,13,660,420,390,1470,3,490,17,18,21/09/2023,27/09/2023,17.791666666666668,0.5882299658752715,-1.345845524,-0.381751351,0.1295963107049918
1565.0406866936335,122.36538015508161,0.8555787819153832,c155,155,ra,autumn,0,0,0,SP5643105393,0,100,0,18,168,No,12,14,25,23,27,11,13,15,275,299,405,979,3,326.3333333333333,17,18,21/09/2023,27/09/2023,17.791666666666668,0.5882299658752715,-1.345845524,-0.73374911,-0.106087181
1644.1999862674652,103.81695971515744,1.0084404628005317,c157,157,ra,autumn,0,0,0,SP5644105385,0,100,0,24,140,No,14,10,25,39,37,15,15,17,375,585,629,1589,3,529.6666666666666,17,18,21/09/2023,27/09/2023,17.791666666666668,0.5882299658752715,-1.345845524,-0.296440285,0.20275044852812624
1665.7207939531486,103.34169395152423,1.013078254269833,c158,158,ra,autumn,0,0,0,SP5644105385,0,100,0,16,176,No,16,11,38,41,23,17,17,15,646,697,345,1688,3,562.6666666666666,18,18,21/09/2023,27/09/2023,17.791666666666668,0.5882299658752715,0.3541698747416537,-0.225467214,0.28671323324235637
1686.0044505907763,102.59810728118835,1.0204206069295911,c159,159,ra,autumn,0,0,0,SP5644205385,0,100,8,11,32,No,8,4,38,34,32,21,20,18,798,680,576,2054,3,684.6666666666666,17,18,21/09/2023,27/09/2023,17.791666666666668,0.5882299658752715,-1.345845524,0.036918081,0.36584931030583295
1855.6817646689392,79.12034283484157,1.3232149805042888,e164,164,ra,autumn,2,0,1,SP5661005406,0,100,0,11,187,No,11,17,70,51,51,20,17,15,1400,867,765,3032,3,1010.6666666666666,18,17,21/09/2023,28/09/2023,18.354166666666668,1.1390474432674806,-0.310932322,0.7380459995475909,1.0278402541824918
1827.7093875405437,81.25862432,1.2883952168369586,e165,165,ra,autumn,1,0,1,SP5660705407,0,100,0,13,175,No,14,12.5,50,45,NA,20,20,NA,1000,900,NA,1900,2,950,18,18,21/09/2023,28/09/2023,18.354166666666668,1.1390474432674806,-0.310932322,0.6075702518848859,0.9187068650885898
1549.7532127773547,116.32293490551811,0.900022192,e166,166,ra,autumn,1,0,1,SP5660105403,20,84,0,15,60,Yes,12,5,25,23,30,12,15,13,300,345,390,1035,3,345,17,17,21/09/2023,28/09/2023,18.354166666666668,1.1390474432674806,-1.188858879,-0.693602726,-0.165730801
1582.5689341224725,112.19442985015799,0.9331410038940546,e167,167,ra,autumn,1,0,1,SP5661105397,0,100,0,8,32,No,4,8,43,25,16,20,13,8,860,325,128,1313,3,437.6666666666667,17,17,21/09/2023,28/09/2023,18.354166666666668,1.1390474432674806,-1.188858879,-0.494304606,-0.03770125
1720.185109359357,92.44124669635205,1.1325379810766762,e168,168,ra,autumn,1,0,1,SP5660805396,0,100,8,7,120,No,15,8,46,41,37,20,15,17,920,615,629,2164,3,721.3333333333334,18,17,21/09/2023,28/09/2023,18.354166666666668,1.1390474432674806,-0.310932322,0.11577704915622851,0.49920412372606066
1845.8184830998982,89.87672374636962,1.164853574292937,e169,169,ra,autumn,1,1,1,SP5660105399,0,100,0,17,90,No,9,10,48,50,32,22,27,22,1056,1350,704,3110,3,1036.6666666666667,18,17,21/09/2023,28/09/2023,18.354166666666668,1.1390474432674806,-0.310932322,0.7939641771173219,0.9893589574276241
1559.6126711188351,115.85649908546097,0.9036456627648578,e170,170,ra,autumn,2,2,1,SP5660005399,16,88,8,0,18,Yes,3,6,30,NA,NA,13,NA,NA,390,NA,NA,390,1,390,20,17,21/09/2023,28/09/2023,18.354166666666668,1.1390474432674806,1.4449207915449784,-0.596821265,-0.127264421
1494.2015422321679,125.2499607789718,0.835874297,e171,171,ra,autumn,1,0,1,SP5660205399,20,88,0,0,15,Yes,5,3,20,14,17,16,13,12,320,182,204,706,3,235.33333333333337,20,18,21/09/2023,28/09/2023,18.354166666666668,1.1390474432674806,1.4449207915449784,-0.929462732,-0.382463975
1525.5281218896544,124.43503541714529,0.8413484397760888,e172,172,ra,autumn,3,0,1,SP5660205399,20,88,0,0,120,Yes,8,15,12,27,NA,9,15,NA,108,405,NA,513,2,256.5,20,17,21/09/2023,28/09/2023,18.354166666666668,1.1390474432674806,1.4449207915449784,-0.8839396,-0.260244266
2035.293991875607,84.95020793066689,1.232406905785847,e173,173,ra,autumn,2,0,1,SP5660105398,20,88,0,0,378,Yes,18,21,42,38,48,28,27,38,1176,1026,1824,4026,3,1342,20,17,21/09/2023,28/09/2023,18.354166666666668,1.1390474432674806,1.4449207915449784,1.4506443137054417,1.728591963
1574.1235529976045,112.67095945339972,0.929194385,e174,174,ra,autumn,1,0,1,SP5660505394,36,68,8,0,78,Yes,13,6,32,22,NA,15,14,NA,480,308,NA,788,2,394,21,17,21/09/2023,28/09/2023,18.354166666666668,1.1390474432674806,2.322847348433067,-0.588218468,-0.070650651
1654.1081021694508,101.32339909470221,1.0332581006668133,e175,175,ra,autumn,1,0,1,SP5660105399,0,100,20,9.5,78,No,13,6,33,30,29,21,18,18,693,540,522,1755,3,585,20,18,21/09/2023,28/09/2023,18.354166666666668,1.1390474432674806,1.4449207915449784,-0.177434933,0.24140666508618258
1535.4300953174966,119.02952398590611,0.8795567636991802,e176,176,ra,autumn,2,0,1,SP5660105400,0,100,20,9,72,No,9,8,23,26,17,12,18,10,276,468,170,914,3,304.6666666666667,20,18,21/09/2023,28/09/2023,18.354166666666668,1.1390474432674806,1.4449207915449784,-0.780347591,-0.221612014
1530.987332067816,122.1562375216555,0.8570436109178446,e177,177,ra,autumn,2,0,1,SP5659905392,0,100,8,6,108,No,12,9,28,21,15,14,15,8,392,315,120,827,3,275.6666666666667,18,16,21/09/2023,28/09/2023,18.354166666666668,1.1390474432674806,-0.310932322,-0.842717866,-0.238945321
1859.2174399431146,87.40209931239602,1.1978341907726826,e178,178,ra,autumn,1,0,1,SP5660005392,8,100,8,8,105,Yes,21,5,46,44,NA,27,20,NA,1242,880,NA,2122,2,1061,19,16,21/09/2023,28/09/2023,18.354166666666668,1.1390474432674806,0.5669942346568897,0.8462978561248903,1.0416345850552364
1519.8295390531653,121.47788481506491,0.8618294849394195,e179,179,ra,autumn,3,0,1,SP5660205390,32,68,0,0,64,Yes,8,8,23,22,NA,15,9,NA,345,198,NA,543,2,271.5,20,17,21/09/2023,28/09/2023,18.354166666666668,1.1390474432674806,1.4449207915449784,-0.851679113,-0.282477115
1885.5180076526499,107.01151226812253,0.978336075,e01,1,ra,spring,13,0,1,SP5645605428,76,88,0,0,336,Yes,16,21,52,45,66,21,18,37,1092,810,2442,4344,3,1448,47,27,10/06/2023,10/06/2023,36.875,6.510248331157063,1.5552402128108205,1.6786184222589593,1.144245459921554
1882.8401313611462,108.61782090581431,0.9638678260032493,e02,2,ra,spring,2,0,1,SP5645605428,44,72,0,14,315,Yes,15,21,64,38,37,36,18,37,2304,684,1369,4357,3,1452.3333333333333,46,27,10/06/2023,10/06/2023,36.875,6.510248331157063,1.401636241175184,1.6879381185205808,1.1337978060119638
1618.8835437754149,85.45479766864592,1.2251298435887625,c01,1,ra,spring,0,0,0,SP5645505429,0,100,0,55,255,No,17,15,54,33,34,22,24,17,1188,792,578,2558,3,852.6666666666666,36,27,10/06/2023,10/06/2023,36.875,6.510248331157063,-0.134403475,0.3982355358546118,0.10397910863532656
1669.8223907254746,91.93003868948288,1.138835840756312,c02,2,ra,spring,0,0,0,SP5645605429,0,100,0,60,360,No,20,18,42,44,22,27,28,18,1134,1232,396,2762,3,920.6666666666666,32,27,10/06/2023,10/06/2023,36.875,6.510248331157063,-0.748819362,0.5444830771908307,0.3027154898402113
1428.8664182436808,95.42107196827239,1.0971708946689274,e03,3,ra,spring,2,1,1,SP5646005426,36,88,0,0,247,Yes,13,19,27,27,23,15,17,15,405,459,345,1209,3,403,42,27,10/06/2023,10/06/2023,36.875,6.510248331157063,0.7872203546326375,-0.568862176,-0.637366999
1585.734716762197,116.20642404790487,0.9009245724534028,c03,3,ra,spring,0,0,0,SP5646105423,0,100,0,47,440,No,20,22,30,39,33,18,24,17,540,936,561,2037,3,679,27,27,10/06/2023,10/06/2023,36.875,6.510248331157063,-1.51683922,0.024730786,-0.025350044
1444.126463501113,97.52979653263623,1.0734485933912947,e04,4,ra,spring,0,1,1,SP5646005426,36,92,0,28,88,Yes,11,8,32,34,24,18,17,17,576,578,408,1562,3,520.6666666666666,37,27,10/06/2023,10/06/2023,36.875,6.510248331157063,0.019200496,-0.315796578,-0.57783039
1653.8374535865883,99.32540029406732,1.054042798636985,c04,4,ra,spring,0,0,0,SP5646205425,0,100,0,41,160,No,16,10,48,47,52,14,22,24,672,1034,1248,2954,3,984.6666666666666,28,27,10/06/2023,10/06/2023,36.875,6.510248331157063,-1.363235248,0.6821278219778601,0.24035073777025662
1744.540373747559,131.40493525623137,0.7967221527681005,e05,5,ra,spring,3,3,1,SP5646205427,40,84,0,0,92,Yes,11.5,8,49,54,NA,24,24,NA,1176,1296,NA,2472,2,1236,42,27,10/06/2023,10/06/2023,36.875,6.510248331157063,0.7872203546326375,1.222670205151924,0.5942254561198786
1581.2395646410894,117.14139419564658,0.8937337959871091,e06,6,ra,spring,2,0,1,SP5646205427,56,88,0,0,50,Yes,10,5,39,38,NA,25,20,NA,975,760,NA,1735,2,867.5,43,27,10/06/2023,10/06/2023,36.875,6.510248331157063,0.940824326,0.4301375730578557,-0.042887745
1384.2550283888036,101.69804054239908,1.029451721422791,e07,7,ra,spring,2,1,1,SP5646205427,50,92,0,0,60,Yes,15,4,22,32,23,17,15,14,374,480,322,1176,3,392,44,27,10/06/2023,10/06/2023,36.875,6.510248331157063,1.0944282979039106,-0.592519867,-0.811416996
1394.779325968392,95.29852430296144,1.0985817846336172,c05,5,ra,spring,0,0,0,SP5646205429,12,100,0,36,110.5,Yes,13,8.5,27,28,25,16,14,14,432,392,350,1174,3,391.3333333333333,31,27,10/06/2023,10/06/2023,36.875,6.510248331157063,-0.902423333,-0.593953666,-0.770356765
1315.9627820482008,108.8467419961208,0.9618406668104839,c06,6,ra,spring,0,0,0,SP5646005430,0,100,0,35,22,No,4,5.5,17,20,22,13,13,12,221,260,264,745,3,248.33333333333337,38,27,10/06/2023,10/06/2023,36.875,6.510248331157063,0.17280446809009117,-0.901503643,-1.077857144
1547.2432373798651,98.58706803669625,1.061936671681203,c07,7,ra,spring,0,0,0,SP5646105429,0,100,0,34,110,No,11,10,43,38,41,17,21,18,731,798,738,2267,3,755.6666666666666,31,27,10/06/2023,10/06/2023,36.875,6.510248331157063,-0.902423333,0.18961771953677023,-0.175523395
1373.972497313967,102.57094623719723,1.0206908168673074,e10,10,ra,spring,1,0,1,SP5645405424,0,100,0,45,55,No,11,5,33,27,24,14,16,9,462,432,216,1110,3,370,35,27,10/06/2023,10/06/2023,36.875,6.510248331157063,-0.288007447,-0.639835248,-0.851533982
1569.125543857784,109.66207914606227,0.9546893850357646,c10,10,ra,spring,0,0,0,SP5645505422,0,100,0,59,72,No,12,6,37,44,24,22,27,20,814,1188,480,2482,3,827.3333333333334,31,27,10/06/2023,10/06/2023,36.875,6.510248331157063,-0.902423333,0.3437511577097461,-0.090150233
1317.7894840638205,106.19947040064464,0.9858168078120851,e12,12,ra,spring,5,1,1,SP5648405601,0,100,12,11,40,No,5,8,19,20,NA,13,12,NA,247,240,NA,487,2,243.5,32,24.5,12/06/2023,12/06/2023,30.58823529411765,3.534399327980027,0.3994355404908931,-0.911898689,-1.070730321
1419.149109356156,97.05989444720474,1.0786455466283749,c12,12,ra,spring,0,0,0,SP5648405602,4,100,0,16,90,Yes,9,10,28,24,30,18,14,18,504,336,540,1380,3,460,30,24.5,12/06/2023,12/06/2023,30.58823529411765,3.534399327980027,-0.166431475,-0.446272325,-0.675278787
1595.9973164336247,88.34841005915483,1.1850040406114701,e13,13,ra,spring,4,0,1,SP5648305605,56,80,4,0,195,Yes,15,13,53,54,29,22,18,12,1166,972,348,2486,3,828.6666666666666,32,24.5,12/06/2023,12/06/2023,30.58823529411765,3.534399327980027,0.3994355404908931,0.34661875655947577,0.014689180149139662
1256.7315416775832,112.89830949431017,0.927323211,c13,13,ra,spring,0,0,0,SP5654305605,12,100,0,3,12,Yes,3,4,14,10,13,9,8,10,126,80,130,336,3,112,31,24.5,12/06/2023,12/06/2023,30.58823529411765,3.534399327980027,0.11650203264317686,-1.194715625,-1.308946049
1738.7203881261285,146.4335281126534,0.7149539060559651,e14,14,ra,spring,1,0,1,SP5647005609,36,88,0,0,40,Yes,10,4,50,18,58,29,18,34,1450,324,1972,3746,3,1248.6666666666667,33,24.5,12/06/2023,12/06/2023,30.58823529411765,3.534399327980027,0.6823690483386093,1.249912394224357,0.5715189570465578
1758.1072382061195,144.0022938486611,0.7270246890075559,e15,15,ra,spring,5,0,1,SP5647105611,48,60,0,0,59.5,Yes,8.5,7,70,34,NA,27,20,NA,1890,680,NA,2570,2,1285,37,24.5,12/06/2023,12/06/2023,30.58823529411765,3.534399327980027,1.8141030797294744,1.3280544628794935,0.6471561702649173
1984.839561079168,160.86002556632775,0.650834305,e16,16,ra,spring,6,0,1,SP5647005609,64,60,0,0,168,Yes,14,12,78,38,53,37,29,25,2886,1102,1325,5313,3,1771,31,24.5,12/06/2023,12/06/2023,30.58823529411765,3.534399327980027,0.11650203264317686,2.373294243605999,1.5317455170584122
1350.8659561686081,103.1704124166447,1.014760147307574,e17,17,ra,spring,1,0,1,SP5647005609,48,76,0,70,54,Yes,9,6,20,20,18,15,17,17,300,340,306,946,3,315.3333333333333,29,24.5,12/06/2023,12/06/2023,30.58823529411765,3.534399327980027,-0.449364983,-0.757406801,-0.941683458
1586.3557034494468,112.28356947994386,0.9324002023323446,c14,14,ra,spring,0,0,0,SP5647105610,0,100,0,36,70,No,7,10,47,47,NA,21,16,NA,987,752,NA,1739,2,869.5,27,24.5,12/06/2023,12/06/2023,30.58823529411765,3.534399327980027,-1.015231999,0.4344389713324504,-0.022927283
1243.562029090911,114.55370221975826,0.9139226482689793,c15,15,ra,spring,0,0,0,SP5647305611,0,100,8,10,5.25,No,1.5,3.5,14,8,NA,8,7,NA,112,56,NA,168,2,84,32,24.5,12/06/2023,12/06/2023,30.58823529411765,3.534399327980027,0.3994355404908931,-1.254935201,-1.360326506
1419.2068600697162,99.81455312417333,1.0488773392739126,c16,16,ra,spring,0,0,0,SP5647305611,0,100,16,17,72,No,9,8,33,29,23,22,14,12,726,406,276,1408,3,469.3333333333333,33,24.5,12/06/2023,12/06/2023,30.58823529411765,3.534399327980027,0.6823690483386093,-0.426199133,-0.675053475
1670.017985432785,117.20531253571465,0.8932463950368763,c17,17,ra,spring,0,0,0,SP5647305609,0,100,0,28,96,No,12,8,47,43,38,24,28,22,1128,1204,836,3168,3,1056,25,24.5,12/06/2023,12/06/2023,30.58823529411765,3.534399327980027,-1.581099014,0.8355443604384035,0.30347859671524147
1445.1656433122303,93.45581248161882,1.1202430338111813,e18,18,ra,spring,15,7,1,SP5647705609,88,48,0,0,117,Yes,13,9,25,44,22,17,18,14,425,792,308,1525,3,508.3333333333333,34,24.5,12/06/2023,12/06/2023,30.58823529411765,3.534399327980027,0.9653025561863257,-0.342321867,-0.573776062
1278.5165330344912,111.44773919976161,0.9393929715706737,e19,19,ra,spring,3,0,1,SP5647705609,88,48,0,0,14,Yes,4,3.5,15,14,10,17,11,8,255,154,80,489,3,163,34,24.5,12/06/2023,12/06/2023,30.58823529411765,3.534399327980027,0.9653025561863257,-1.085029969,-1.223952559
1438.778208173544,101.84983944263796,1.0279174073775634,c18,18,ra,spring,0,0,0,SP5647705608,0,100,20,23,63,No,9,7,31,35,22,18,18,17,558,630,374,1562,3,520.6666666666666,30,24.5,12/06/2023,12/06/2023,30.58823529411765,3.534399327980027,-0.166431475,-0.315796578,-0.598696448
1547.8229718454083,104.40621904003481,1.0027489153836004,c19,19,ra,spring,0,0,0,SP5647805607,0,100,0,46.5,84,No,12,7,43,37,33,21,22,18,903,814,594,2311,3,770.3333333333334,27,24.5,12/06/2023,12/06/2023,30.58823529411765,3.534399327980027,-1.015231999,0.22116130688379798,-0.173261578
1495.7359764472608,87.23078613771472,1.200186626042945,e20,20,ra,spring,2,1,1,SP5648205607,80,44,0,0,187,Yes,17,11,34,22,35,16,18,24,544,396,840,1780,3,593.3333333333334,34,24.5,NA,12/06/2023,30.58823529411765,3.534399327980027,0.9653025561863257,-0.15951244,-0.376477426
1730.445698779035,96.62480908,1.0835025072142648,e21,21,ra,spring,0,1,1,SP5648205607,48,76,0,0,231,Yes,21,11,53,52,47,20,25,22,1060,1300,1034,3394,3,1131.3333333333333,32,24.5,NA,12/06/2023,30.58823529411765,3.534399327980027,0.3994355404908931,0.9975636954481361,0.5392355051253116
1369.622261492448,97.68526073972693,1.071740220673031,c20,20,ra,spring,0,0,0,SP5648205607,0,100,0,14,96,No,12,8,32,32,19,14,13,8,448,416,152,1016,3,338.6666666666667,28,24.5,NA,12/06/2023,30.58823529411765,3.534399327980027,-0.732298491,-0.707223821,-0.868506297
1395.3660008568875,101.17609568787427,1.034762433,c21,21,ra,spring,0,0,0,SP5648205607,4,100,8,24,63,Yes,7,9,25,27,NA,15,17,NA,375,459,NA,834,2,417,27,24.5,NA,12/06/2023,30.58823529411765,3.534399327980027,-1.015231999,-0.538752388,-0.768067871
1493.4318838962802,104.48006534309549,1.0020401744380811,e22,22,ra,spring,1,0,1,SP5647605613,44,84,0,0,64,Yes,8,8,40,36,33,17,17,20,680,612,660,1952,3,650.6666666666666,33,24.5,NA,12/06/2023,30.58823529411765,3.534399327980027,0.6823690483386093,-0.03620569,-0.385466774
1455.754632028331,92.14991264335339,1.136118525764537,c22,22,ra,spring,0,0,0,SP5647705614,0,100,0,22.5,128,No,16,8,27,30,28,20,18,18,540,540,504,1584,3,528,26,24.5,NA,12/06/2023,30.58823529411765,3.534399327980027,-1.298165507,-0.300024784,-0.53246344
1593.2055346126178,88.19088982,1.1871206097675642,e23,23,ra,spring,1,0,1,SP5647405609,12,92,8,21,195,Yes,15,13,35,48,37,24,20,18,840,960,666,2466,3,822,29,24.5,NA,12/06/2023,30.58823529411765,3.534399327980027,-0.449364983,0.3322807623108269,0.003797127
1607.1756150009674,109.67873737758941,0.9545443848543922,e24,24,ra,spring,4,0,1,SP5647405610,28,80,0,0,90,Yes,10,9,54,47,NA,18,18,NA,972,846,NA,1818,2,909,35,24.5,NA,12/06/2023,30.58823529411765,3.534399327980027,1.2482360640340415,0.5193915872556951,0.058300976
1701.8579379218447,121.6528266051332,0.8605901385383835,e25,25,ra,spring,4,1,1,SP5647505612,28,84,12,0,99,Yes,11,9,30,67,NA,24,23,NA,720,1541,NA,2261,2,1130.5,32,24.5,NA,12/06/2023,30.58823529411765,3.534399327980027,0.3994355404908931,0.995771446,0.42770121489925506
1587.7636381919153,107.76295363534143,0.9715140442045459,c24,24,ra,spring,0,0,0,SP5647405611,4,100,0,14.5,88,Yes,11,8,53,34,29,24,26,15,1272,884,435,2591,3,863.6666666666666,29,24.5,NA,12/06/2023,30.58823529411765,3.534399327980027,-0.449364983,0.4218932263648825,-0.017434268
1565.0406053724614,91.60670162405633,1.1428555012421124,c23,23,ra,spring,0,0,0,SP5647305611,8,96,8,28,156,Yes,13,12,44,35,35,21,22,18,924,770,630,2324,3,774.6666666666666,28,24.5,NA,12/06/2023,30.58823529411765,3.534399327980027,-0.732298491,0.2304810031454196,-0.106087498
1512.9561703372192,106.9702623,0.9787133421591895,c25,25,ra,spring,0,0,0,SP5647405608,100,0,0,33,60,Yes,6,10,44,46,21,18,22,14,792,1012,294,2098,3,699.3333333333334,24,24.5,NA,12/06/2023,30.58823529411765,3.534399327980027,-1.864032522,0.068461668,-0.309293357
1376.0069870685459,98.19146850933332,1.0662150642114716,e26,26,ra,spring,1,0,1,SP5647605613,36,76,0,12,88,Yes,11,8,14,27,27,15,17,15,210,459,405,1074,3,358,32,24.5,NA,12/06/2023,30.58823529411765,3.534399327980027,0.3994355404908931,-0.665643637,-0.843596481
1529.6940940823285,87.44510856705368,1.1972450445460634,c26,26,ra,spring,0,0,0,SP5647405610,12,100,4,37,180,Yes,15,12,28,50,22,18,24,15,504,1200,330,2034,3,678,26,24.5,NA,12/06/2023,30.58823529411765,3.534399327980027,-1.298165507,0.022580086540010536,-0.24399085
1413.7960663357376,94.71236288842854,1.1053807518774128,e28,28,ra,spring,9,0,1,SP5647905604,42,72,0,0,110,Yes,10,11,27,27,28,18,15,15,486,405,420,1311,3,437,37,24.5,NA,12/06/2023,30.58823529411765,3.534399327980027,1.8141030797294744,-0.495738406,-0.696163524
1271.2985410723754,113.23147978973579,0.9245946718713445,e29,29,ra,spring,1,0,1,SP5647905604,42,72,0,0,3.75,Yes,2.5,1.5,12,17,NA,11,10,NA,132,170,NA,302,2,151,37,24.5,NA,12/06/2023,30.58823529411765,3.534399327980027,1.8141030797294744,-1.110838359,-1.252113338
1450.902435774876,93.07746643823252,1.1247966549580868,c28,28,ra,spring,0,0,0,SP5647805603,0,100,0,43,120,No,12,10,30,33,NA,16,17,NA,480,561,NA,1041,2,520.5,28,24.5,NA,12/06/2023,30.58823529411765,3.534399327980027,-0.732298491,-0.316155028,-0.551394138
1401.7886949428196,103.81971526947868,1.008413697051196,c29,29,ra,spring,0,0,0,SP5647105603,0,100,0,36,48,No,8,6,18,42,22,13,18,15,234,756,330,1320,3,440,26,24.5,NA,12/06/2023,30.58823529411765,3.534399327980027,-1.298165507,-0.489286308,-0.743009923
1359.6151599719933,99.43213193730125,1.052911376,e38,38,ra,spring,1,0,1,SP5641205600,28,80,0,0,82.5,Yes,11,7.5,22,28,19,14,16,11,308,448,209,965,3,321.6666666666667,37,24,NA,13/06/2023,34.61538461538461,5.636147074567328,0.4230931792706008,-0.743785706,-0.907548703
1288.5760407431703,110.71155976569827,0.9456394898894253,c38,38,ra,spring,0,0,0,SP5641105600,0,100,16,20,16,No,4,4,15,16,NA,12,12,NA,180,192,NA,372,2,186,36,24,NA,13/06/2023,34.61538461538461,5.636147074567328,0.2456670073184135,-1.035563889,-1.184705692
1543.0523728531218,92.78323029541583,1.1283636339062677,e39,39,ra,spring,1,1,1,SP5641505600,32,80,8,14,140,Yes,10,14,44,35,31,19,21,20,836,735,620,2191,3,730.3333333333334,32,24,NA,13/06/2023,34.61538461538461,5.636147074567328,-0.46403768,0.13513334139190453,-0.191873927
1557.5760219128233,106.35903254309372,0.9843378639165294,c39,39,ra,spring,0,0,0,SP5641305600,0,100,8,27,80,No,10,8,32,41,32,20,27,20,640,1107,640,2387,3,795.6666666666666,29,24,NA,13/06/2023,34.61538461538461,5.636147074567328,-0.996316196,0.27564568502866366,-0.135210346
1492.5570122724712,88.26558562,1.1861159949157782,e40,40,ra,spring,3,1,1,SP5642005598,0,100,56,30,240,No,16,15,38,38,22,19,17,14,722,646,308,1676,3,558.6666666666666,32,24,NA,13/06/2023,34.61538461538461,5.636147074567328,-0.46403768,-0.234070011,-0.388880059
1424.8717798565756,90.98818204527684,1.150624405811305,c40,40,ra,spring,0,0,0,SP5642005598,0,100,40,29,182,No,14,13,35,33,17,18,13,13,630,429,221,1280,3,426.6666666666667,31,24,NA,13/06/2023,34.61538461538461,5.636147074567328,-0.641463852,-0.517962297,-0.65295196
1424.9359141606014,95.18392859472884,1.099904411,e41,41,ra,spring,3,0,1,SP5643805608,0,100,48,28,104,No,13,8,36,29,35,14,14,14,504,406,490,1400,3,466.6666666666667,45,24,NA,13/06/2023,34.61538461538461,5.636147074567328,1.842502554888099,-0.431934331,-0.652701742
1694.8482532312535,126.80857810168783,0.8256004796279949,c41,41,ra,spring,0,0,0,SP5643905608,0,100,8,36,77,No,11,7,55,60,NA,18,21,NA,990,1260,NA,2250,2,1125,32,24,NA,13/06/2023,34.61538461538461,5.636147074567328,-0.46403768,0.9839426009119198,0.4003531406454119
1484.7223191001876,90.41732445003808,1.1578889724783648,e42,42,ra,spring,6,6,1,SP5645105609,68,40,0,0,144,Yes,18,8,33,37,28,15,20,19,495,740,532,1767,3,589,51,24,NA,13/06/2023,34.61538461538461,5.636147074567328,2.907059586601223,-0.168832137,-0.419446879
1465.9628219811148,91.67749767439724,1.1419729547323278,c42,42,ra,spring,0,0,0,SP5645005610,0,100,20,26,132,No,12,11,31,30,29,15,26,14,465,780,406,1651,3,550.3333333333334,35,24,NA,13/06/2023,34.61538461538461,5.636147074567328,0.068240835,-0.251992503,-0.492636494
1429.4759925312928,108.86654122396472,0.9616657397640503,e43,43,ra,spring,1,0,1,SP5644905611,32,64,8,0,28,Yes,7,4,17,55,27,17,18,10,289,990,270,1549,3,516.3333333333334,35,24.5,NA,14/06/2023,36.65625,4.454858710333276,-0.37178508,-0.325116274,-0.634988763
1519.0435314251074,110.54317483926701,0.947079936,e44,44,ra,spring,2,2,1,SP5644905611,28,80,8,12,48,Yes,6,8,60,55,18,22,12,10,1320,660,180,2160,3,720,36,24.5,NA,14/06/2023,36.65625,4.454858710333276,-0.147311069,0.11290945030649865,-0.2855437
1321.8843882508472,101.76228677882509,1.0288017910725873,c43,43,ra,spring,0,0,0,SP5644905610,0,100,20,35,81,No,9,9,17,25,20,11,10,13,187,250,260,697,3,232.33333333333337,32,24.5,NA,14/06/2023,36.65625,4.454858710333276,-1.04520711,-0.935914829,-1.054754175
1386.5816127060978,99.43557048083808,1.0528749661256545,c44,44,ra,spring,0,0,0,SP5644905610,0,100,0,28,234,No,18,13,23,32,20,14,12,11,322,384,220,926,3,308.6666666666667,32,24.5,NA,14/06/2023,36.65625,4.454858710333276,-1.04520711,-0.771744795,-0.802339897
1347.3120945883236,97.57297710235585,1.0729735425810818,e30,30,ra,spring,1,0,1,SP5640105588,36,80,4,0,132,Yes,11,12,19,32,24,11,11,10,209,352,240,801,3,267,36,24,NA,13/06/2023,34.61538461538461,5.636147074567328,0.2456670073184135,-0.861357259,-0.955548743
1304.6924382853413,108.08148838533155,0.9686508250926911,e31,31,ra,spring,1,0,1,SP5640105588,36,80,4,0,30,Yes,6,5,30,24,14,10,10,8,300,240,112,652,3,217.33333333333337,37,24,NA,13/06/2023,34.61538461538461,5.636147074567328,0.4230931792706008,-0.968175316,-1.121828051
1265.3526433893974,111.40220231535268,0.9397769588552328,c30,30,ra,spring,0,0,0,SP5640205589,0,100,20,45,20,No,5,4,19,15,NA,8,7,NA,152,105,NA,257,2,128.5,29,24,NA,13/06/2023,34.61538461538461,5.636147074567328,-0.996316196,-1.159229089,-1.275311079
1765.0610837969314,114.3430960068306,0.9156059837267603,c31,31,ra,spring,0,0,0,SP5640505588,12,96,8,40,169,Yes,13,13,50,48,51,25,21,29,1250,1008,1479,3737,3,1245.6666666666667,26,24,NA,13/06/2023,34.61538461538461,5.636147074567328,-1.528594712,1.243460296812465,0.6742863899483424
1313.4272044103363,103.82698629124086,1.0083430776660205,c32,32,ra,spring,0,0,0,SP5640905589,8,100,24,32,63,Yes,7,9,22,18,19,10,12,12,220,216,228,664,3,221.33333333333337,30,24,NA,13/06/2023,34.61538461538461,5.636147074567328,-0.818890024,-0.959572519,-1.087749624
1957.1154086458328,129.4606335316214,0.8086877071872639,e32,32,ra,spring,1,0,1,SP5640905589,48,64,0,0,272,Yes,16,17,45,80,82,29,20,25,1305,1600,2050,4955,3,1651.6666666666667,33,24,NA,13/06/2023,34.61538461538461,5.636147074567328,-0.286611509,2.1166441465551835,1.4235805691557744
1377.0809435942647,94.84451923326505,1.1038405144340508,e33,33,ra,spring,4,0,1,SP5641105591,44,60,0,0,140,Yes,14,10,38,26,20,12,11,13,456,286,260,1002,3,334,37,24,NA,13/06/2023,34.61538461538461,5.636147074567328,0.4230931792706008,-0.717260417,-0.839406472
2209.242813871859,159.01031388756104,0.6584052338625527,e34,34,ra,spring,6,6,1,SP5641105591,32,80,0,0,432,Yes,27,16,55,98,53,22,39,28,1210,3822,1484,6516,3,2172,34,24,NA,13/06/2023,34.61538461538461,5.636147074567328,-0.109185337,3.2357245976622306,2.407248066897186
1459.941191094869,105.27731783067118,0.9944518445092501,c33,33,ra,spring,0,0,0,SP5641105591,0,100,16,28,51,No,8.5,6,37,39,37,14,15,17,518,585,629,1732,3,577.3333333333334,32,24,NA,13/06/2023,34.61538461538461,5.636147074567328,-0.46403768,-0.193923627,-0.516129706
1393.471100193359,107.15896564185073,0.9769898605741094,c34,34,ra,spring,0,0,0,SP5641005590,0,100,12,26,30,No,6,5,28,30,26,16,15,15,448,450,390,1288,3,429.3333333333333,30,24,NA,13/06/2023,34.61538461538461,5.636147074567328,-0.818890024,-0.512227099,-0.775460769
1502.7538817422567,99.90271699273453,1.047951707953162,e35,35,ra,spring,9,0,1,SP5641005593,32,72,44,9,88,Yes,11,8,54,38,19,17,20,16,918,760,304,1982,3,660.6666666666666,44,24,NA,13/06/2023,34.61538461538461,5.636147074567328,1.665076382935912,-0.014698699,-0.349097279
1459.0929674978959,102.45028058988287,1.021892983590678,e36,36,ra,spring,1,0,1,SP5641005593,48,72,32,13,64,Yes,8,8,50,16,23,26,11,10,1300,176,230,1706,3,568.6666666666666,42,24,NA,13/06/2023,34.61538461538461,5.636147074567328,1.3102240390315372,-0.212563019,-0.519439025
1386.6248511414262,97.61764980782874,1.0724825183539846,c35,35,ra,spring,0,0,0,SP5640905593,0,100,44,NA,90,No,10,9,28,22,29,16,12,15,448,264,435,1147,3,382.3333333333333,32,24,NA,13/06/2023,34.61538461538461,5.636147074567328,-0.46403768,-0.613309958,-0.802171204
1331.4721656656648,103.61014390242025,1.0104534069588527,c36,36,ra,spring,0,0,0,SP5641005593,0,100,28,23,56,No,8,7,23,18,20,16,12,11,368,216,220,804,3,268,30,24,NA,13/06/2023,34.61538461538461,5.636147074567328,-0.818890024,-0.85920656,-1.017347749
1551.898484144715,98.39284753,1.0640328594005053,e37,37,ra,spring,16,1,1,SP5641205593,48,64,8,0,351,Yes,18,19.5,37,33,30,20,17,21,740,561,630,1931,3,643.6666666666666,35,24,NA,13/06/2023,34.61538461538461,5.636147074567328,0.068240835,-0.051260584,-0.157361089
1240.6090016612686,113.96856177720265,0.9186149344093899,c37,37,ra,spring,0,0,0,SP5641105593,0,100,24,29,12,No,4,3,11,8,NA,9,6,NA,99,48,NA,147,2,73.5,33,24,NA,13/06/2023,34.61538461538461,5.636147074567328,-0.286611509,-1.277517542,-1.371847654
1378.8501360126465,94.98995279630489,1.1021504887595868,e45,45,ra,spring,1,0,1,SP5634105570,0,100,28,29,130,No,13,10,23,22,22,18,14,14,414,308,308,1030,3,343.3333333333333,42,24.5,NA,14/06/2023,36.65625,4.454858710333276,1.1995329925065623,-0.697187225,-0.832504021
1506.9110832193708,95.56273327,1.0955444587592327,e47,47,ra,spring,1,0,1,SP5635705578,8,100,12,33,112,Yes,16,7,47,28,28,17,22,20,799,616,560,1975,3,658.3333333333334,35,24.5,NA,14/06/2023,36.65625,4.454858710333276,-0.37178508,-0.019716996,-0.332878083
1499.3887490461725,107.28707727782032,0.9758232357341045,e48,48,ra,spring,1,0,1,SP5635805578,0,100,20,37,54,No,9,6,34,52,NA,18,14,NA,612,728,NA,1340,2,670,39,24.5,NA,14/06/2023,36.65625,4.454858710333276,0.5261109616256853,0.005374493,-0.362226243
1323.1604722740258,102.57570633238926,1.0206434510179887,e49,49,ra,spring,1,0,1,SP5635705577,20,100,28,41,70,Yes,10,7,22,18,17,13,12,13,286,216,221,723,3,241,39,24.5,NA,14/06/2023,36.65625,4.454858710333276,0.5261109616256853,-0.917275436,-1.049775571
1329.4355977808252,99.38315353875922,1.0534302763985788,e50,50,ra,spring,2,1,1,SP5635705578,12,92,16,42,130,Yes,13,10,28,13,14,15,10,9,420,130,126,676,3,225.33333333333337,39,24.5,NA,14/06/2023,36.65625,4.454858710333276,0.5261109616256853,-0.950969723,-1.025293358
1623.188796064306,106.21797424244632,0.9856450722994538,e51,51,ra,spring,1,0,1,SP5635705581,0,100,48,30.5,112,No,16,7,43,32,54,24,15,24,1032,480,1296,2808,3,936,42,24.5,NA,14/06/2023,36.65625,4.454858710333276,1.1995329925065623,0.5774604639627232,0.12077592111337696
1459.3411921929558,88.75726448526949,1.1795453984397282,e52,52,ra,spring,1,0,1,SP5636205580,0,96,28,27,180,No,15,12,38,23,29,17,17,17,646,391,493,1530,3,510,32,24.5,NA,14/06/2023,36.65625,4.454858710333276,-1.04520711,-0.338737369,-0.518470584
1455.763725181385,91.93634498446306,1.1387577232855008,e53,53,ra,spring,2,0,1,SP5636205580,8,100,36,27,130,Yes,10,13,37,27,18,24,17,13,888,459,234,1581,3,527,37,24.5,NA,14/06/2023,36.65625,4.454858710333276,0.077162941,-0.302175483,-0.532427964
1395.840922945982,101.66429386379026,1.0297934399855806,e54,54,ra,spring,1,1,1,SP5636105583,0,100,18,18,60,No,10,6,22,25,28,15,17,18,330,425,504,1259,3,419.6666666666667,39,24.5,NA,14/06/2023,36.65625,4.454858710333276,0.5261109616256853,-0.533017191,-0.766214976
1433.255587040323,112.14270313894428,0.9335714225827347,e55,55,ra,spring,1,0,1,SP5636105584,0,100,40,12,15,No,5,3,35,35,28,14,18,17,490,630,476,1596,3,532,43,24.5,NA,14/06/2023,36.65625,4.454858710333276,1.424007002800188,-0.291421988,-0.620242788
1359.5975304983701,96.91352247169482,1.080274663757835,e56,56,ra,spring,1,0,1,SP5636305576,0,88,52,7,117,No,13,9,24,24,24,11,13,14,264,312,336,912,3,304,40,24.5,NA,14/06/2023,36.65625,4.454858710333276,0.750584972,-0.781781391,-0.907617483
1406.522680206566,107.50618350224175,0.9738344297145888,e57,57,ra,spring,1,0,1,SP5636905586,0,100,8,34,30,No,5,6,38,25,NA,17,11,NA,646,275,NA,921,2,460.5,38,24.5,NA,14/06/2023,36.65625,4.454858710333276,0.30163695133205953,-0.445196976,-0.724540421
1527.139216473383,91.97522918277741,1.1382762927792909,e58,58,ra,spring,1,1,1,SP5637405587,0,100,16,39,140,No,14,10,52,39,35,15,18,17,780,702,595,2077,3,692.3333333333334,38,24.5,NA,14/06/2023,36.65625,4.454858710333276,0.30163695133205953,0.053406774,-0.253958628
1258.8130930950508,109.83237457191815,0.9532091362838058,e59,59,ra,spring,1,0,1,SP5635005576,0,100,16,13,40,No,8,5,12,12,10,8,11,8,96,132,80,308,3,102.66666666666669,43,24.5,NA,14/06/2023,36.65625,4.454858710333276,1.424007002800188,-1.214788817,-1.300824938
1479.3628924893032,88.27714966162898,1.1859606172491095,c45,45,ra,spring,0,0,0,SP5634305572,0,100,8,40,224,No,14,16,39,29,23,20,15,17,780,435,391,1606,3,535.3333333333334,33,24.5,NA,14/06/2023,36.65625,4.454858710333276,-0.8207331,-0.28425299,-0.440356521
1376.571727023213,107.2755573315478,0.9759280259726895,c59,59,ra,spring,0,0,0,SP5635005576,0,100,8,20,28,No,7,4,28,23,NA,18,12,NA,504,276,NA,780,2,390,34,24.5,NA,14/06/2023,36.65625,4.454858710333276,-0.59625909,-0.596821265,-0.841393166
1288.3484708004858,111.29995381251419,0.9406403086029509,c47,47,ra,spring,0,0,0,SP5635505576,0,100,8,29,12,No,3,4,15,15,NA,13,12,NA,195,180,NA,375,2,187.5,38,24.5,NA,14/06/2023,36.65625,4.454858710333276,0.30163695133205953,-1.03233784,-1.18559355
1676.9364974765092,105.9665570922866,0.9879836221395762,c48,48,ra,spring,0,0,0,SP5635805577,0,100,0,46,144,No,18,8,52,72,NA,14,19,NA,728,1368,NA,2096,2,1048,32,24.5,NA,14/06/2023,36.65625,4.454858710333276,-1.04520711,0.8183387673400249,0.33047096362610134
1302.017030440104,102.36443019360381,1.0227500187681329,c49,49,ra,spring,0,0,0,SP5635505579,0,100,8,40,117,No,9,13,18,17,NA,10,9,NA,180,153,NA,333,2,166.5,32,24.5,NA,14/06/2023,36.65625,4.454858710333276,-1.04520711,-1.077502522,-1.132266075
1258.3793313110239,113.56892942126613,0.921847405,c50,50,ra,spring,0,0,0,SP5635505578,0,100,8,36,6,No,2,3,12,15,12,8,11,8,96,165,96,357,3,119,33,24.5,NA,14/06/2023,36.65625,4.454858710333276,-0.8207331,-1.179660731,-1.302517247
1514.2579379219449,104.6944451132504,0.9999883259178503,c51,51,ra,spring,0,0,0,SP5635805581,0,100,36,27,70,No,10,7,37,40,37,21,19,15,777,760,555,2092,3,697.3333333333334,37,24.5,NA,14/06/2023,36.65625,4.454858710333276,0.077162941,0.06416027,-0.30421455
1342.3344312060447,106.18476626063898,0.9859533206930988,c52,52,ra,spring,0,0,0,SP5636005582,0,100,8,23,35,No,7,5,24,20,21,15,13,14,360,260,294,914,3,304.6666666666667,35,24.5,NA,14/06/2023,36.65625,4.454858710333276,-0.37178508,-0.780347591,-0.974968947
1422.4896721556654,91.14434946768424,1.148652917192822,c53,53,ra,spring,0,0,0,SP5636005580,0,100,0,36,180,No,15,12,27,20,22,18,17,20,486,340,440,1266,3,422,28,24.5,NA,14/06/2023,36.65625,4.454858710333276,-1.943103152,-0.527998893,-0.662245682
1348.022324991863,98.40855569536944,1.0638630164005527,c54,54,ra,spring,0,0,0,SP5635905584,0,100,16,12,104,No,13,8,22,23,22,16,13,9,352,299,198,849,3,283,39,24.5,NA,14/06/2023,36.65625,4.454858710333276,0.5261109616256853,-0.826946073,-0.9527778
1282.8619811631609,110.6942284,0.945787549,c55,55,ra,spring,0,0,0,SP5635805583,0,92,20,11,18,No,6,3,18,14,20,12,7,10,216,98,200,514,3,171.33333333333334,47,24.5,NA,14/06/2023,36.65625,4.454858710333276,2.321903043974691,-1.067107476,-1.206998924
1439.7136892731844,90.03706111,1.1627792112578372,c56,56,ra,spring,0,0,0,SP5636305575,0,100,4,30,192,No,16,12,28,23,28,15,17,20,420,391,560,1371,3,457,27,24.5,NA,14/06/2023,36.65625,4.454858710333276,-2.167577162,-0.452724423,-0.595046697
1313.064591953129,104.13730295557515,1.0053383363150812,c57,57,ra,spring,0,0,0,SP5637005586,0,100,8,31,60,No,12,5,22,22,17,10,11,12,220,242,204,666,3,222,38,24.5,NA,14/06/2023,36.65625,4.454858710333276,0.30163695133205953,-0.95813872,-1.089164345
1399.4183899575523,95.16099030075935,1.1001695397537505,c58,58,ra,spring,0,0,0,SP5637505587,0,100,8,35,110,No,11,10,22,30,21,17,18,14,374,540,294,1208,3,402.6666666666667,39,24.5,NA,14/06/2023,36.65625,4.454858710333276,0.5261109616256853,-0.569579076,-0.752257596
1489.6431962341956,101.80229255457361,1.0283974974883219,e60,60,ra,spring,1,0,1,SP5637505417,0,100,24,20,75,No,15,5,24,30,55,17,17,18,408,510,990,1908,3,636,36,24.5,NA,15/06/2023,38.78947368421053,5.008953576518872,-0.556897492,-0.067749277,-0.400248225
1359.9360552916473,99.26692916057381,1.0546636607680908,e61,61,ra,spring,1,0,1,SP5637205424,0,100,28,26,84,No,7,12,23,22,24,15,14,13,345,308,312,965,3,321.6666666666667,41,24.5,NA,15/06/2023,38.78947368421053,5.008953576518872,0.4413149936449894,-0.743785706,-0.906296739
1438.269623,93.18461527614967,1.1235033013919997,e62,62,ra,spring,3,0,1,SP5637505431,0,100,20,16.5,120,No,10,12,33,45,31,12,17,10,396,765,310,1471,3,490.3333333333333,40,24.5,NA,15/06/2023,38.78947368421053,5.008953576518872,0.24167249651987505,-0.381034452,-0.600680678
1445.3345899927049,112.65559731398339,0.9293210936506434,e63,63,ra,spring,3,0,1,SP5638005426,0,100,28,17.5,16,No,4,4,27,38,37,8,22,17,216,836,629,1681,3,560.3333333333334,45,24.5,NA,15/06/2023,38.78947368421053,5.008953576518872,1.2398849821454467,-0.230485512,-0.573116921
1361.219636570264,98.63509777908955,1.061419568277574,e64,64,ra,spring,1,0,1,SP5638205430,0,100,20,27,90,No,10,9,23,29,19,11,18,10,253,522,190,965,3,321.6666666666667,35,24.5,NA,15/06/2023,38.78947368421053,5.008953576518872,-0.756539989,-0.743785706,-0.901288885
1411.6001271561222,92.64051456626363,1.1301019148248888,e65,65,ra,spring,1,0,1,SP5638905425,0,100,36,16,195,No,15,13,25,28,28,13,15,15,325,420,420,1165,3,388.3333333333333,38,24.5,NA,15/06/2023,38.78947368421053,5.008953576518872,-0.157612498,-0.600405764,-0.704730915
1609.3739307102103,108.03945627090131,0.9690276729937132,e66,66,ra,spring,2,1,1,SP5638405445,0,100,20,28,420,No,21,20,43,31,39,22,19,18,946,589,702,2237,3,745.6666666666666,40,24.5,NA,15/06/2023,38.78947368421053,5.008953576518872,0.24167249651987505,0.16811072816379685,0.066877639
1441.4801721289778,93.14472307147398,1.1239844775893733,e67,67,ra,spring,1,0,1,SP5638905450,0,100,16,14,120,No,12,10,32,42,NA,18,10,NA,576,420,NA,996,2,498,40,24.5,NA,15/06/2023,38.78947368421053,5.008953576518872,0.24167249651987505,-0.364545758,-0.588154817
1379.9127720553665,107.70914329801435,0.9719994022422752,e68,68,ra,spring,1,0,1,SP5639105453,0,100,24,23,26,No,6.5,4,34,24,NA,15,12,NA,510,288,NA,798,2,399,41,24.5,NA,15/06/2023,38.78947368421053,5.008953576518872,0.4413149936449894,-0.577464973,-0.828358179
1379.5544650583643,100.29205352697417,1.0438835303490883,e69,69,ra,spring,1,1,1,SP5639505458,0,100,20,15,70,No,10,7,33,28,38,15,9,10,495,252,380,1127,3,375.6666666666667,45,24.5,NA,15/06/2023,38.78947368421053,5.008953576518872,1.2398849821454467,-0.627647953,-0.829756103
1396.2901614735292,106.02013477948454,0.9874843407759583,e70,70,ra,spring,1,0,1,SP5639505458,0,100,24,20,36,No,9,4,43,33,NA,14,8,NA,602,264,NA,866,2,433,42,24.5,NA,15/06/2023,38.78947368421053,5.008953576518872,0.6409574907701037,-0.504341202,-0.764462286
1463.9524198904664,91.36243770021025,1.1459110060660804,e72,72,ra,spring,1,0,1,SP5639505463,0,100,24,28,135,No,13.5,10,32,NA,NA,17,NA,NA,544,NA,NA,544,1,544,44,24.5,NA,15/06/2023,38.78947368421053,5.008953576518872,1.0402424850203325,-0.265613598,-0.500480017
1374.052739793841,98.26478263518206,1.0654195744815484,e73,73,ra,spring,1,0,1,SP5639405464,0,100,8,24,88,No,11,8,25,26,40,14,15,8,350,390,320,1060,3,353.3333333333333,41,24.5,NA,15/06/2023,38.78947368421053,5.008953576518872,0.4413149936449894,-0.675680233,-0.851220919
1531.0236233588619,98.56029383545399,1.0622251499826334,e74,74,ra,spring,2,0,1,SP5639905466,0,100,16,18,104,No,13,8,48,NA,NA,15,NA,NA,720,NA,NA,720,1,720,48,24.5,NA,15/06/2023,38.78947368421053,5.008953576518872,1.8388124735207896,0.11290945030649865,-0.238803732
1374.2832604154362,96.48367984186702,1.085087375121737,e75,75,ra,spring,1,0,1,SP5639605469,0,100,20,19,108,No,9,12,28,27,20,15,13,13,420,351,260,1031,3,343.6666666666667,42,24.5,NA,15/06/2023,38.78947368421053,5.008953576518872,0.6409574907701037,-0.696470325,-0.850321549
1480.9384191309523,94.86738176759478,1.1035744947422919,e76,76,ra,spring,1,1,1,SP5639805468,0,100,36,25,110,No,11,10,42,42,28,17,17,13,714,714,364,1792,3,597.3333333333334,39,24.5,NA,15/06/2023,38.78947368421053,5.008953576518872,0.042029999,-0.150909644,-0.434209651
1529.986039445361,108.54447486362814,0.9645191340529382,e77,77,ra,spring,1,1,1,SP5640005470,0,100,8,25,60,No,12,5,40,40,NA,20,17,NA,800,680,NA,1480,2,740,38,24.5,NA,15/06/2023,38.78947368421053,5.008953576518872,-0.157612498,0.15592343305244538,-0.242851834
1380.7957723669413,105.80267140071149,0.9895139840580008,e78,78,ra,spring,1,0,1,SP5640205466,0,100,16,20,36,No,6,6,36,NA,NA,11,NA,NA,396,NA,NA,396,1,396,43,24.5,NA,15/06/2023,38.78947368421053,5.008953576518872,0.8405999878952181,-0.58391707,-0.82491318
1424.2384509379942,112.3566697649643,0.9317935741661112,e79,79,ra,spring,2,0,1,SP5641305464,0,100,32,20,12,No,3,4,48,40,NA,13,10,NA,624,400,NA,1024,2,512,43,24.5,NA,15/06/2023,38.78947368421053,5.008953576518872,0.8405999878952181,-0.33443597,-0.655422874
1369.440398431358,102.47915464400404,1.0216050597351705,c65,65,ra,spring,0,0,0,SP5638805425,0,100,8,21.5,56,No,7,8,28,24,23,14,17,12,392,408,276,1076,3,358.6666666666667,43,24.5,NA,15/06/2023,38.78947368421053,5.008953576518872,0.8405999878952181,-0.664209838,-0.86921583
1410.6373665973183,101.77097133773303,1.0287139989483527,c60,60,ra,spring,0,0,0,SP5637405420,0,100,4,19,60,No,10,6,23,34,20,15,20,17,345,680,340,1365,3,455,28,24.5,NA,15/06/2023,38.78947368421053,5.008953576518872,-2.154037469,-0.457025821,-0.708487096
1352.1262477321022,109.31633838606261,0.9577088333489726,c61,61,ra,spring,0,0,0,SP5637305423,0,100,12,20,16.5,No,5.5,3,25,25,NA,13,14,NA,325,350,NA,675,2,337.5,34,24.5,NA,15/06/2023,38.78947368421053,5.008953576518872,-0.956182486,-0.70973297,-0.936766469
1621.3075924134034,180.28639026719887,0.5807050812129179,c62,62,ra,spring,0,0,0,SP5637505432,0,100,8,27,650,No,26,25,31,35,30,20,18,24,620,630,720,1970,3,656.6666666666666,41,24.5,NA,15/06/2023,38.78947368421053,5.008953576518872,0.4413149936449894,-0.023301495,0.11343646157954963
1493.7405688674885,87.33589164,1.198742246041356,c63,63,ra,spring,0,0,0,SP5637905425,0,100,20,25.5,224,No,16,14,42,33,28,18,17,14,756,561,392,1709,3,569.6666666666666,43,24.5,NA,15/06/2023,38.78947368421053,5.008953576518872,0.8405999878952181,-0.21041232,-0.384262449
1346.968782102197,102.21526699199235,1.0242425224981244,c64,64,ra,spring,0,0,0,SP5638105429,0,100,12,29,210,No,15,14,25,18,15,10,18,7,250,324,105,679,3,226.33333333333337,32,24.5,NA,15/06/2023,38.78947368421053,5.008953576518872,-1.35546748,-0.948819024,-0.956888166
1425.035938844201,92.89818692015764,1.1269673432020504,c66,66,ra,spring,0,0,0,SP5638205446,0,100,8,36,126,No,14,9,27,28,27,15,17,18,405,476,486,1367,3,455.6666666666667,31,24.5,NA,15/06/2023,38.78947368421053,5.008953576518872,-1.555109978,-0.455592022,-0.652311499
1411.8252286525403,96.97899905511002,1.0795453028155484,c67,67,ra,spring,0,0,0,SP5639005451,0,100,24,27,91,No,13,7,34,NA,NA,13,NA,NA,442,NA,NA,442,1,442,31,24.5,NA,15/06/2023,38.78947368421053,5.008953576518872,-1.555109978,-0.48498491,-0.703852688
1419.1036435908836,98.53047938668658,1.0625465698875272,c68,68,ra,spring,0,0,0,SP5639005454,0,100,8,33,80,No,10,8,33,33,21,17,17,13,561,561,273,1395,3,465,34,24.5,NA,15/06/2023,38.78947368421053,5.008953576518872,-0.956182486,-0.43551883,-0.675456171
1511.8234986326518,86.29800321902825,1.2131592736390595,c69,69,ra,spring,0,0,0,SP5639505458,0,100,0,33,210,No,21,10,33,35,43,17,15,18,561,525,774,1860,3,620,37,24.5,NA,15/06/2023,38.78947368421053,5.008953576518872,-0.357254995,-0.102160463,-0.313712441
1381.187260180929,106.94476166553696,0.9789467129686915,c70,70,ra,spring,0,0,0,SP5639505459,0,100,12,23,30,No,6,5,40,32,NA,12,10,NA,480,320,NA,800,2,400,44,24.5,NA,15/06/2023,38.78947368421053,5.008953576518872,1.0402424850203325,-0.575314274,-0.823385802
1362.1213054205919,110.26483988274843,0.9494705929199593,c72,72,ra,spring,0,0,0,SP5639305464,0,100,20,31.5,12,No,3,4,28,33,15,14,18,7,392,594,105,1091,3,363.6666666666667,42,24.5,NA,15/06/2023,38.78947368421053,5.008953576518872,0.6409574907701037,-0.653456342,-0.897771051
1316.4467972903499,108.98938170783924,0.9605818590873546,c73,73,ra,spring,0,0,0,SP5639305464,0,100,20,30,21,No,7,3,30,20,20,11,12,9,330,240,180,750,3,250,39,24.5,NA,15/06/2023,38.78947368421053,5.008953576518872,0.042029999,-0.897919144,-1.075968773
1633.251162535257,109.87695189522253,0.952822417,c74,74,ra,spring,0,0,0,SP5639905467,0,100,16,13,437,No,19,23,42,48,30,21,20,18,882,960,540,2382,3,794,43,24.5,NA,15/06/2023,38.78947368421053,5.008953576518872,0.8405999878952181,0.2720611864665015,0.1600339416326621
1421.2531525399377,91.16919393625213,1.1483398983970587,c76,76,ra,spring,0,0,0,SP5644005468,0,100,32,24,169,No,13,13,23,29,27,15,19,14,345,551,378,1274,3,424.6666666666667,35,24.5,NA,15/06/2023,38.78947368421053,5.008953576518872,-0.756539989,-0.522263695,-0.667069926
1527.7325906685078,95.82433289,1.0925536317017455,c75,75,ra,spring,0,0,0,SP5639705470,0,100,12,28,117,No,13,9,34,47,NA,18,17,NA,612,799,NA,1411,2,705.5,39,24.5,NA,15/06/2023,38.78947368421053,5.008953576518872,0.042029999,0.081724313,-0.251643597
1446.7059110066336,100.39215725446239,1.0428426459283398,c77,77,ra,spring,0,0,0,SP5639905468,0,100,0,34,72,No,9,8,45,23,32,21,12,12,945,276,384,1605,3,535,26,24.5,NA,15/06/2023,38.78947368421053,5.008953576518872,-2.553322463,-0.28496989,-0.567766754
1489.0652987825908,109.89527375170584,0.9526635616581502,c78,78,ra,spring,0,0,0,SP5640205466,0,100,32,26,40,No,5,8,45,40,NA,13,18,NA,585,720,NA,1305,2,652.5,38,24.5,NA,15/06/2023,38.78947368421053,5.008953576518872,-0.157612498,-0.032262741,-0.402502875
1332.1460234569863,108.8212179973186,0.962066266,e81,81,ra,spring,2,0,1,SP5642605469,0,100,8,27,20,No,5,4,24,NA,NA,12,NA,NA,288,NA,NA,288,1,288,39,25,16/06/2023,16/06/2023,41.36842105263158,5.687449685582396,-0.416429364,-0.816192577,-1.014718713
1410.309530854712,98.526469276751655,1.0625898164240923,e82,82,ra,spring,1,0,1,SP5642705468,0,100,24,31,80,No,10,8,38,42,NA,9,13,NA,342,546,NA,888,2,444,42,25,16/06/2023,16/06/2023,41.36842105263158,5.687449685582396,0.11104783027258444,-0.480683512,-0.709766137
1250.8869861595779,112.80342713213432,0.9281032107212774,e83,83,ra,spring,1,0,1,SP5643205479,0,100,44,18,16,No,4,4,24,NA,NA,4,NA,NA,96,NA,NA,96,1,96,40,25,16/06/2023,16/06/2023,41.36842105263158,5.687449685582396,-0.240603632,-1.229126811,-1.331748407
1388.083280458339,107.65229615782803,0.9725126786725269,e84,84,ra,spring,1,0,1,SP5643205482,0,100,28,11,27,No,9,3,38,NA,NA,11,NA,NA,418,NA,NA,418,1,418,45,25,16/06/2023,16/06/2023,41.36842105263158,5.687449685582396,0.6385250240673633,-0.536601689,-0.796481186
1438.1236503533037,89.99564716790965,1.1633142957055003,e85,85,ra,spring,1,0,1,SP5643605489,0,100,8,14,180,No,18,10,28,28,33,11,17,18,308,476,594,1378,3,459.3333333333333,41,25,16/06/2023,16/06/2023,41.36842105263158,5.687449685582396,-0.064777901,-0.447706125,-0.601250186
1279.0626044504052,108.11791509967841,0.9683244706039372,e86,86,ra,spring,1,0,1,SP5643505491,0,100,8,39,42,No,6,7,35,32,NA,4,5,NA,140,160,NA,300,2,150,38,25,16/06/2023,16/06/2023,41.36842105263158,5.687449685582396,-0.592255095,-1.112989058,-1.221822078
1364.7623268672328,96.54061359858669,1.0844474568704232,e87,87,ra,spring,2,2,1,SP5644205503,0,100,12,18,117,No,9,13,36,23,22,12,11,12,432,253,264,949,3,316.3333333333333,53,25,16/06/2023,16/06/2023,41.36842105263158,5.687449685582396,2.045130874186774,-0.755256101,-0.887467185
1336.9829840832426,105.54623974154758,0.9919180745620226,e88,88,ra,spring,1,1,1,SP5645005512,0,100,28,16,40,No,10,4,35,28,18,14,9,7,490,252,126,868,3,289.3333333333333,43,25,16/06/2023,16/06/2023,41.36842105263158,5.687449685582396,0.28687356153751076,-0.813324978,-0.995847457
1311.6718928378582,107.8027831586804,0.9711551022536611,e89,89,ra,spring,1,1,1,SP5644905511,0,100,28,18,30,No,5,6,23,7,25,14,15,11,322,105,275,702,3,234,56,25,16/06/2023,16/06/2023,41.36842105263158,5.687449685582396,2.5726080679815526,-0.93233033,-1.094597919
1495.495249007639,99.46581450218287,1.052554824244665,e91,91,ra,spring,2,2,1,SP5645105509,0,100,24,14,88,No,11,8,35,25,30,24,22,18,840,550,540,1930,3,643.3333333333334,42,25,16/06/2023,16/06/2023,41.36842105263158,5.687449685582396,0.11104783027258444,-0.051977484,-0.377416617
1422.8000449411293,110.8513201218659,0.944447236,e92,92,ra,spring,3,0,1,SP5645005510,0,100,28,9,18,No,6,3,37,29,NA,14,17,NA,518,493,NA,1011,2,505.5,47,25,16/06/2023,16/06/2023,41.36842105263158,5.687449685582396,0.990176487,-0.348415515,-0.661034772
1383.2667334681355,94.33295777612507,1.109826569311649,e93,93,ra,spring,3,0,1,SP5645505510,0,100,24,15,165,No,11,15,40,22,28,12,10,11,480,220,308,1008,3,336,47,25,16/06/2023,16/06/2023,41.36842105263158,5.687449685582396,0.990176487,-0.712959018,-0.815272799
1348.8732581514244,97.62349688272346,1.0724182829413191,e94,94,ra,spring,1,0,1,SP5645305509,0,100,24,18,153,No,17,9,17,18,23,13,17,11,221,306,253,780,3,260,42,25,16/06/2023,16/06/2023,41.36842105263158,5.687449685582396,0.11104783027258444,-0.876412153,-0.94945791
1525.2790925244558,93.43893202599668,1.1204454142580489,e95,95,ra,spring,1,0,1,SP5645605510,0,100,16,15,130,No,10,13,45,33,33,22,18,15,990,594,495,2079,3,693,36,25,16/06/2023,16/06/2023,41.36842105263158,5.687449685582396,-0.943906557,0.054840573599470574,-0.261215846
1305.8348345752909,105.4856220770763,0.9924880835911477,e97,97,ra,spring,1,0,1,SP5645205518,0,100,8,37,51,No,8.5,6,22,15,13,18,12,4,396,180,52,628,3,209.33333333333337,43,25,NA,16/06/2023,41.36842105263158,5.687449685582396,0.28687356153751076,-0.985380909,-1.117371027
1434.6884819953723,90.43060503415317,1.157718925602209,e98,98,ra,spring,1,0,1,SP5646005514,0,100,24,13,192,No,12,16,35,33,18,15,18,12,525,594,216,1335,3,445,56,25,NA,16/06/2023,41.36842105263158,5.687449685582396,2.5726080679815526,-0.478532812,-0.614652392
1352.379093603531,109.91552149424773,0.9524880697325037,e99,99,ra,spring,1,0,1,SP5644105507,0,100,12,20,264,No,22,12,37,20,23,5,11,10,185,220,230,635,3,211.66666666666663,48,25,NA,16/06/2023,41.36842105263158,5.687449685582396,1.1660022178621423,-0.980362611,-0.935779998
1623.4306371688997,85.97991436284147,1.2176474433305962,e100,100,ra,spring,2,1,1,SP5644505512,0,100,20,30,288,No,18,16,63,37,20,23,23,12,1449,851,240,2540,3,846.6666666666666,43,25,NA,16/06/2023,41.36842105263158,5.687449685582396,0.28687356153751076,0.3853313410308278,0.12171945691819544
1292.4995298034557,106.42222083419199,0.9837534124082199,e101,101,ra,spring,1,0,1,SP5644505514,0,100,4,32,50,No,10,5,15,22,NA,12,8,NA,180,176,NA,356,2,178,40,24,NA,16/06/2023,41.36842105263158,5.687449685582396,-0.240603632,-1.052769482,-1.169398318
1413.7692691092186,111.81830908878534,0.9362797895519025,c81,81,ra,spring,0,0,0,SP5642905474,0,100,12,21,12,No,3,4,47,46,NA,8,13,NA,376,598,NA,974,2,487,32,25,NA,16/06/2023,41.36842105263158,5.687449685582396,-1.647209482,-0.388203449,-0.696268072
1467.9566336632706,94.54767882215903,1.1073061148187668,c82,82,ra,spring,0,0,0,SP5642805473,0,100,12,18,110,No,11,10,35,30,38,17,14,18,595,420,684,1699,3,566.3333333333334,39,25,NA,16/06/2023,41.36842105263158,5.687449685582396,-0.416429364,-0.217581317,-0.484857697
1314.7171692794188,110.99813833934437,0.9431980073542188,c83,83,ra,spring,0,0,0,SP5643005478,0,100,44,21,9,No,3,3,28,NA,NA,9,NA,NA,252,NA,NA,252,1,252,48,25,NA,16/06/2023,41.36842105263158,5.687449685582396,1.1660022178621423,-0.893617746,-1.082716864
1445.914083341926,107.88882231082893,0.9703806257155644,c84,84,ra,spring,0,0,0,SP5643505478,0,100,8,31,36,No,12,3,43,42,NA,11,15,NA,473,630,NA,1103,2,551.5,43,25,NA,16/06/2023,41.36842105263158,5.687449685582396,0.28687356153751076,-0.249483354,-0.570856045
1314.1374348138754,107.01562461662746,0.9782984800280361,c85,85,ra,spring,0,0,0,SP5643405491,0,100,0,37,35,No,7,5,52,28,35,4,8,8,208,224,280,712,3,237.33333333333337,32,25,NA,16/06/2023,41.36842105263158,5.687449685582396,-1.647209482,-0.925161333,-1.084978681
1420.997431,106.72976693758253,0.9809186875009667,c86,86,ra,spring,0,0,0,SP5643405491,0,100,0,36,36,No,6,6,33,25,28,18,14,19,594,350,532,1476,3,492,36,25,NA,16/06/2023,41.36842105263158,5.687449685582396,-0.943906557,-0.377449953,-0.668067618
1555.4410252420007,97.83264353414097,1.0701256668502717,c87,87,ra,spring,0,0,0,SP5644305500,0,100,16,25,117,No,13,9,27,34,38,23,23,24,621,782,912,2315,3,771.6666666666666,38,25,NA,16/06/2023,41.36842105263158,5.687449685582396,-0.592255095,0.2240289057335276,-0.143539972
1351.4195248399599,98.48568770009645,1.0630298203379962,c88,88,ra,spring,0,0,0,SP5644705512,0,100,8,28,99,No,11,9,29,20,27,13,9,12,377,180,324,881,3,293.6666666666667,34,25,NA,16/06/2023,41.36842105263158,5.687449685582396,-1.29555802,-0.804005282,-0.939523727
1307.7377147269017,111.14958073204544,0.9419128908285078,c89,89,ra,spring,0,0,0,SP5645005510,0,100,20,17,9,No,3,3,18,18,22,12,15,10,216,270,220,706,3,235.33333333333337,40,25,NA,16/06/2023,41.36842105263158,5.687449685582396,-0.240603632,-0.929462732,-1.109946997
1620.6928641550644,108.22279575979235,0.9673860499230776,c170,170,ra,autumn,0,0,0,SP5660205399,0,100,0,15,143,No,11,13,27,33,30,15,17,15,405,561,450,1416,3,472,18,17,NA,28/09/2023,18.354166666666668,1.1390474432674806,-0.310932322,-0.420463936,0.11103811774568835
1727.680646306036,94.21407923338948,1.1112269392597771,c171,171,ra,autumn,0,0,0,SP5660205397,8,100,4,11,80,Yes,8,10,41,36,30,25,19,19,1025,684,570,2279,3,759.6666666666666,19,18,NA,28/09/2023,18.354166666666668,1.1390474432674806,0.5669942346568897,0.19822051608595956,0.5284477359623347
1535.745646111815,119.31878367745801,0.87742449,c172,172,ra,autumn,0,0,0,SP5660005397,0,100,4,12,80,No,10,8,22,18,23,15,14,14,330,252,322,904,3,301.3333333333333,18,17,NA,28/09/2023,18.354166666666668,1.1390474432674806,-0.310932322,-0.787516589,-0.220380902
2145.639891699869,88.56085932584641,1.1821613261056387,c173,173,ra,autumn,0,0,0,SP5660205401,0,100,0,16,240,No,15,16,52,76,44,23,40,18,1196,3040,792,5028,3,1676,17,18,NA,28/09/2023,18.354166666666668,1.1390474432674806,-1.188858879,2.168977825562752,2.1591031766347575
1619.3774568407568,107.40870983785368,0.9747181868187831,c174,174,ra,autumn,0,0,0,SP5660405394,0,100,0,20,130,No,13,10,25,32,NA,15,18,NA,375,576,NA,951,2,475.5,20,18,NA,28/09/2023,18.354166666666668,1.1390474432674806,1.4449207915449784,-0.412936489,0.10590609562292194
1524.6394613365803,120.29772851426395,0.8702842871158938,c175,175,ra,autumn,0,0,0,SP5659905399,0,100,0,13,32,No,4,8,31,28,28,10,11,10,310,308,280,898,3,299.3333333333333,18,18,NA,28/09/2023,18.354166666666668,1.1390474432674806,-0.310932322,-0.791817987,-0.263711348
1661.4603759972022,102.45728577798754,1.0218231149374286,c176,176,ra,autumn,0,0,0,SP5659905400,0,100,0,16,160,No,20,8,44,29,42,13,18,14,572,522,588,1682,3,560.6666666666666,19,18,NA,28/09/2023,18.354166666666668,1.1390474432674806,0.5669942346568897,-0.229768612,0.2700913405674946
1501.7072859968735,124.33960220616886,0.8419941920684654,c177,177,ra,autumn,0,0,0,SP5659805393,0,100,0,11,54,No,6,9,23,18,17,13,10,13,299,180,221,700,3,233.33333333333337,19,17,NA,28/09/2023,18.354166666666668,1.1390474432674806,0.5669942346568897,-0.93376413,-0.353180541
1579.8039495279847,114.68930161176144,0.9128420997461301,c178,178,ra,autumn,0,0,0,SP5660105393,0,100,0,14,130,No,10,13,31,25,23,16,13,14,496,325,322,1143,3,381,18,16,NA,28/09/2023,18.354166666666668,1.1390474432674806,-0.310932322,-0.616177557,-0.048488754
1665.9458954495667,100.2797729567551,1.0440113675451348,c179,179,ra,autumn,0,0,0,SP5660305391,0,100,0,20,72,No,12,6,32,35,32,22,19,15,704,665,480,1849,3,616.3333333333334,17,16,NA,28/09/2023,18.354166666666668,1.1390474432674806,-1.188858879,-0.11004636,0.28759146
1470.7944448033663,129.41523589706898,0.8089713871476909,c180,180,ra,autumn,0,0,0,SP5660305388,0,100,0,13,40,No,10,4,20,14,14,11,8,12,220,112,168,500,3,166.66666666666666,17,16,NA,28/09/2023,18.354166666666668,1.1390474432674806,-1.188858879,-1.077144072,-0.473786063
1641.5932593027812,105.07065632123482,0.996407813,c181,181,ra,autumn,0,0,0,SP5660805386,0,100,0,13,150,No,15,10,33,32,30,17,17,15,561,544,450,1555,3,518.3333333333334,17,16,NA,28/09/2023,18.354166666666668,1.1390474432674806,-1.188858879,-0.320814876,0.19258038157984256
1836.912209931523,106.78789531292988,0.9803847392525702,c182,182,ra,autumn,0,0,0,SP5660005390,0,100,0,18,357,No,17,21,40,52,53,20,18,17,800,936,901,2637,3,879,17,16,NA,28/09/2023,18.354166666666668,1.1390474432674806,-1.188858879,0.45487061313677507,0.9546114002000261
1771.790557961622,87.35334213517135,1.1985027743952177,c183,183,ra,autumn,0,0,0,SP5660105392,0,100,0,18,126,No,9,14,45,46,NA,19,18,NA,855,828,NA,1683,2,841.5,17,16,NA,28/09/2023,18.354166666666668,1.1390474432674806,-1.188858879,0.374219395,0.7005412312527314
1694.3365576184688,98.29093069591246,1.0651361438990963,c184,184,ra,autumn,0,0,0,SP5660005390,32,76,0,0,176,Yes,22,8,39,35,33,17,21,15,663,735,495,1893,3,631,20,16,NA,28/09/2023,18.354166666666668,1.1390474432674806,1.4449207915449784,-0.078502773,0.3983567755831452
1604.352329581764,108.6274491800068,0.9637823928665594,c185,185,ra,autumn,0,0,0,SP5660005391,0,100,0,18,49,No,7,7,37,37,37,11,15,13,407,555,481,1443,3,481,17,16,NA,28/09/2023,18.354166666666668,1.1390474432674806,-1.188858879,-0.401107644,0.047286013
1594.1243574252546,109.7205655442682,0.9541804891577748,c186,186,ra,autumn,0,0,0,SP5659605394,0,100,0,11,56,No,8,7,29,38,24,13,17,14,377,646,336,1359,3,453,18,16,NA,28/09/2023,18.354166666666668,1.1390474432674806,-0.310932322,-0.461327219,0.007381887
1806.1174305280408,87.17878163944812,1.2009025697868227,c187,187,ra,autumn,0,0,0,SP5660205389,12,88,0,12,108,Yes,12,9,32,39,35,25,27,27,800,1053,945,2798,3,932.6666666666666,16,16,NA,28/09/2023,18.354166666666668,1.1390474432674806,-2.066785436,0.5702914668383987,0.8344664934130541
1555.9256040379662,115.58694968751831,0.9057529693856334,e180,180,ra,autumn,1,0,1,SP5660405389,0,100,0,10,36,No,6,6,31,NA,NA,12,NA,NA,372,NA,NA,372,1,372,18,16,NA,28/09/2023,18.354166666666668,1.1390474432674806,-0.310932322,-0.635533849,-0.141649402
1741.6140210492065,115.91507327439292,0.9031890326624635,e181,181,ra,autumn,2,2,1,SP5660705387,0,100,8,9,320,No,20,16,32,39,31,22,20,17,704,780,527,2011,3,670.3333333333334,18,16,NA,28/09/2023,18.354166666666668,1.1390474432674806,-0.310932322,0.006091393,0.5828083789730422
1909.1823550510549,77.71845464542481,1.3470831783691504,e182,182,ra,autumn,3,1,1,SP5660205390,20,84,0,14,180,Yes,15,12,39,53,29,28,32,22,1092,1696,638,3426,3,1142,17,16,NA,28/09/2023,18.354166666666668,1.1390474432674806,-1.188858879,1.0205044862459745,1.2365712004343887
1462.6771405374268,130.41398560626533,0.8027760398166058,e183,183,ra,autumn,3,1,1,SP5660205390,28,76,0,0,20,Yes,4,5,18,13,NA,11,9,NA,198,117,NA,315,2,157.5,18,16,NA,28/09/2023,18.354166666666668,1.1390474432674806,-0.310932322,-1.096858814,-0.505455481
1744.4799947925826,95.79787012684821,1.092855433665391,e184,184,ra,autumn,2,0,1,SP5660205390,24,80,0,0,60,Yes,5,12,45,NA,NA,18,NA,NA,810,NA,NA,810,1,810,18,16,NA,28/09/2023,18.354166666666668,1.1390474432674806,-0.310932322,0.3064723726632589,0.5939898894407839
1610.3680591101884,107.33542610908351,0.9753836798979978,e185,185,ra,autumn,1,0,1,SP5660205390,24,80,0,0,98,Yes,14,7,37,29,28,15,16,14,555,464,392,1411,3,470.3333333333333,19,16,NA,28/09/2023,18.354166666666668,1.1390474432674806,0.5669942346568897,-0.424048434,0.070756201
1527.4387404130255,119.83630028445069,0.8736353062735696,e186,186,ra,autumn,1,1,1,SP5659705391,8,96,0,0,49,Yes,7,7,33,31,25,11,9,10,363,279,250,892,3,297.3333333333333,19,16,NA,28/09/2023,18.354166666666668,1.1390474432674806,0.5669942346568897,-0.796119385,-0.252790045
1727.3739475484497,91.66449999254071,1.1421348822086743,e187,187,ra,autumn,1,0,1,SP5660105388,12,92,0,0,120,Yes,12,10,29,41,NA,17,24,NA,493,984,NA,1477,2,738.5,19,16,NA,28/09/2023,18.354166666666668,1.1390474432674806,0.5669942346568897,0.15269738434649938,0.52725116
1443.8098803629941,133.6269141341957,0.7834740746655174,c164,164,ra,autumn,0,0,0,SP5661005406,0,100,0,16,15,No,5,3,14,13,NA,9,8,NA,126,104,NA,230,2,115,18,16,NA,28/09/2023,18.354166666666668,1.1390474432674806,-0.310932322,-1.188263528,-0.57906553
1560.1678356878035,114.72181230659353,0.9125834119662034,c165,165,ra,autumn,0,0,0,SP5660805405,16,88,12,11,48,Yes,12,4,22,25,NA,16,16,NA,352,400,NA,752,2,376,19,17,NA,28/09/2023,18.354166666666668,1.1390474432674806,0.5669942346568897,-0.626931053,-0.125098463
1565.390382770226,114.50324552735256,0.9143253749666719,c166,166,ra,autumn,0,0,0,SP5660005404,0,100,0,14,30,No,6,5,28,30,27,14,15,13,392,450,351,1193,3,397.6666666666667,18,17,NA,28/09/2023,18.354166666666668,1.1390474432674806,-0.310932322,-0.580332572,-0.104722852
1697.482340976273,96.29540087152564,1.0872089627766959,c167,167,ra,autumn,0,0,0,SP5661005397,0,100,0,13,85,No,17,5,26,46,NA,12,23,NA,312,1058,NA,1370,2,685,18,17,NA,28/09/2023,18.354166666666668,1.1390474432674806,-0.310932322,0.037634981,0.4106299548562743
1462.6314336558319,131.65264559929622,0.7952230843909238,c168,168,ra,autumn,0,0,0,SP5660705398,0,100,0,10,56,No,8,7,13,16,14,9,10,10,117,160,140,417,3,139,18,17,NA,28/09/2023,18.354166666666668,1.1390474432674806,-0.310932322,-1.136646748,-0.505633805
1928.4456496160021,77.84853438017969,1.344832291773402,c169,169,ra,autumn,0,0,0,SP5660305399,0,100,0,23,180,No,15,12,29,50,60,16,26,30,464,1300,1800,3564,3,1188,18,18,NA,28/09/2023,18.354166666666668,1.1390474432674806,-0.310932322,1.1194366465616519,1.3117263655223346
1328.8884126999394,108.05249926249982,0.9689107018927776,c91,91,ra,spring,0,0,0,SP5645105508,0,100,24,14,25,No,5,5,29,28,12,13,12,10,377,336,120,833,3,277.6666666666667,43,25,NA,16/06/2023,41.36842105263158,5.687449685582396,0.28687356153751076,-0.838416468,-1.027428184
1368.6226460887815,104.21934392659202,1.0045469387663704,c92,92,ra,spring,0,0,0,SP5644805514,0,100,4,34,45,No,9,5,38,22,23,15,12,11,570,264,253,1087,3,362.3333333333333,36,25,NA,16/06/2023,41.36842105263158,5.687449685582396,-0.943906557,-0.656323941,-0.872406266
1438.676587592328,103.22902987257147,1.0141839270497213,c93,93,ra,spring,0,0,0,SP5645405506,0,100,28,10,56,No,14,4,34,30,28,18,18,15,612,540,420,1572,3,524,42,25,NA,16/06/2023,41.36842105263158,5.687449685582396,0.11104783027258444,-0.308627581,-0.599092918
1463.0421401197286,93.22945603316279,1.1229629277731379,c94,94,ra,spring,0,0,0,SP5645305508,0,100,8,29,119,No,17,7,35,30,27,21,17,15,735,510,405,1650,3,550,40,25,NA,16/06/2023,41.36842105263158,5.687449685582396,-0.240603632,-0.252709403,-0.504031446
1269.1442817303928,110.58281224341403,0.9467404633483875,c95,95,ra,spring,0,0,0,SP5645505511,0,100,12,21,25,No,5,5,15,15,NA,10,8,NA,150,120,NA,270,2,135,41,25,NA,16/06/2023,41.36842105263158,5.687449685582396,-0.064777901,-1.145249545,-1.260518116
1446.4513027211076,112.73037145261223,0.9287046742829795,c97,97,ra,spring,0,0,0,SP5645205517,0,100,4,38,16,No,4,4,38,34,NA,18,13,NA,684,442,NA,1126,2,563,36,25,NA,16/06/2023,41.36842105263158,5.687449685582396,-0.943906557,-0.224750314,-0.5687601
1595.7913657086044,101.29570527244088,1.033540589111047,c98,98,ra,spring,0,0,0,SP5645805515,0,100,4,22,119,No,17,7,47,38,38,23,22,18,1081,836,684,2601,3,867,36,25,NA,16/06/2023,41.36842105263158,5.687449685582396,-0.943906557,0.42906222348920703,0.013885669582102482
1496.9082125592793,117.20641490650453,0.8932379937157128,c99,99,ra,spring,0,0,0,SP5644105507,0,100,8,30,15,No,5,3,38,NA,NA,18,NA,NA,684,NA,NA,684,1,684,41,24,NA,16/06/2023,41.36842105263158,5.687449685582396,-0.064777901,0.035484281363794556,-0.371903982
1457.457462812743,107.17067944510327,0.9768830751448694,c100,100,ra,spring,0,0,0,SP5644305511,0,100,4,26,42,No,7,6,47,18,NA,18,17,NA,846,306,NA,1152,2,576,37,24,NA,16/06/2023,41.36842105263158,5.687449685582396,-0.768080826,-0.196791225,-0.525819897
1469.7626809265148,114.47439677901367,0.9145557945485562,c101,101,ra,spring,0,0,0,SP5644305513,0,100,8,31,16,No,4,4,40,32,40,18,13,18,720,416,720,1856,3,618.6666666666666,37,26,NA,16/06/2023,41.36842105263158,5.687449685582396,-0.768080826,-0.105028062,-0.477811458
1436.3733675899973,103.14586473375411,1.0150016500606935,c79,79,ra,spring,0,0,0,NA,NA,NA,NA,NA,56,NA,8,7,34,33,NA,14,17,NA,476,561,NA,1037,2,518.5,33,24.5,NA,15/06/2023,38.78947368421053,5.008953576518872,-1.155824983,-0.320456426,-0.608078861
